capex_id,tanggal,kategori,equipment_id,nilai,umur_ekonomis_tahun,mata_uang,keterangan
1,2024-01-27,Upgrade,92,15864489,6,IDR,-
2,2023-08-23,Pembelian,23,44579602,3,IDR,-
3,2023-07-06,Pembelian,177,44028323,6,IDR,-
4,2023-10-03,Upgrade,121,44453982,7,IDR,-
5,2024-08-27,Upgrade,439,36785191,9,IDR,-
6,2024-03-04,Pembelian,375,37270615,6,IDR,-
7,2024-01-28,Pembelian,86,49826621,9,IDR,-
8,2024-09-19,Pembelian,189,47025420,9,IDR,-
9,2023-05-09,Upgrade,53,23164752,4,IDR,-
10,2023-10-06,Upgrade,201,44024852,5,IDR,-
11,2024-03-19,Pembelian,239,35121177,5,IDR,-
12,2024-10-19,Pembelian,493,38634200,7,IDR,-
13,2024-12-19,Pembelian,185,48137066,4,IDR,-
14,2023-10-12,Upgrade,242,47107426,3,IDR,-
15,2023-12-02,Pembelian,4,21976577,9,IDR,-
16,2024-08-04,Upgrade,28,7652646,6,IDR,-
17,2024-06-05,Upgrade,359,19696485,6,IDR,-
18,2024-04-03,Pembelian,455,40118838,3,IDR,-
19,2024-02-06,Pembelian,297,13700221,3,IDR,-
20,2023-01-23,Pembelian,38,42183303,8,IDR,-
21,2024-09-03,Upgrade,199,16011972,6,IDR,-
22,2024-02-14,Upgrade,299,5826096,7,IDR,-
23,2024-06-05,Upgrade,98,25330409,6,IDR,-
24,2024-09-09,Pembelian,138,12997303,5,IDR,-
25,2023-04-03,Upgrade,171,11660696,5,IDR,-
26,2024-01-29,Pembelian,458,10226622,4,IDR,-
27,2024-06-25,Upgrade,212,36885282,9,IDR,-
28,2023-02-19,Upgrade,172,34918710,5,IDR,-
29,2023-02-06,Pembelian,116,19520876,4,IDR,-
30,2023-04-24,Pembelian,414,16947768,5,IDR,-
31,2024-02-22,Upgrade,43,11526900,5,IDR,-
32,2024-11-19,Pembelian,87,8096945,9,IDR,-
33,2024-01-27,Pembelian,472,42208458,5,IDR,-
34,2023-09-15,Pembelian,308,36108825,3,IDR,-
35,2024-03-12,Pembelian,479,48759142,8,IDR,-
36,2023-08-23,Pembelian,151,24108252,3,IDR,-
37,2024-07-16,Pembelian,236,23402845,6,IDR,-
38,2024-01-03,Pembelian,317,5273599,3,IDR,-
39,2024-09-07,Upgrade,43,17836966,4,IDR,-
40,2024-02-02,Pembelian,224,18249753,9,IDR,-
41,2023-01-14,Upgrade,436,13360901,5,IDR,-
42,2023-06-06,Upgrade,96,33203430,6,IDR,-
43,2023-12-19,Upgrade,204,12944535,8,IDR,-
44,2024-02-03,Pembelian,368,31746828,6,IDR,-
45,2023-02-23,Pembelian,160,5213145,7,IDR,-
46,2023-04-14,Upgrade,47,49945197,7,IDR,-
47,2024-07-10,Upgrade,340,41109508,8,IDR,-
48,2023-05-24,Upgrade,295,48465426,9,IDR,-
49,2024-03-13,Upgrade,259,18243020,8,IDR,-
50,2024-02-28,Pembelian,47,26682008,4,IDR,-
51,2024-12-12,Upgrade,206,12544985,9,IDR,-
52,2024-07-08,Upgrade,190,49340928,7,IDR,-
53,2023-06-26,Upgrade,404,10058705,5,IDR,-
54,2024-06-25,Upgrade,164,48927285,3,IDR,-
55,2023-06-29,Pembelian,399,26261239,3,IDR,-
56,2023-02-22,Pembelian,11,28947863,7,IDR,-
57,2023-02-08,Pembelian,95,9034133,9,IDR,-
58,2024-11-12,Upgrade,45,21654519,5,IDR,-
59,2024-10-16,Upgrade,180,28237579,9,IDR,-
60,2023-09-17,Pembelian,86,27903287,6,IDR,-
61,2024-09-01,Pembelian,391,39591894,4,IDR,-
62,2024-02-26,Upgrade,379,26947611,3,IDR,-
63,2024-10-08,Upgrade,122,14377621,7,IDR,-
64,2023-03-03,Upgrade,166,40995808,6,IDR,-
65,2024-02-18,Upgrade,482,44355381,9,IDR,-
66,2023-11-04,Pembelian,495,24887072,4,IDR,-
67,2024-09-27,Upgrade,38,38014038,9,IDR,-
68,2024-11-06,Pembelian,104,43941878,4,IDR,-
69,2023-04-12,Pembelian,173,33712232,6,IDR,-
70,2024-05-03,Pembelian,151,7872538,8,IDR,-
71,2023-08-25,Pembelian,195,30301586,9,IDR,-
72,2023-04-26,Pembelian,205,49577425,5,IDR,-
73,2024-04-29,Upgrade,267,41041597,6,IDR,-
74,2023-01-17,Upgrade,160,35718093,7,IDR,-
75,2024-03-17,Pembelian,455,36001024,4,IDR,-
76,2023-11-10,Upgrade,133,28109839,6,IDR,-
77,2024-12-04,Pembelian,102,19343723,4,IDR,-
78,2023-06-01,Pembelian,395,28174225,5,IDR,-
79,2023-07-05,Pembelian,292,19055678,9,IDR,-
80,2024-04-03,Pembelian,463,45745484,7,IDR,-
81,2024-12-23,Pembelian,325,27723894,6,IDR,-
82,2024-06-28,Pembelian,31,7869681,7,IDR,-
83,2023-11-13,Pembelian,330,7441095,9,IDR,-
84,2024-11-07,Pembelian,381,47302382,9,IDR,-
85,2024-04-04,Upgrade,202,6508334,5,IDR,-
86,2023-01-12,Pembelian,337,9512300,3,IDR,-
87,2024-11-06,Pembelian,191,27477768,9,IDR,-
88,2024-02-26,Pembelian,485,5296254,5,IDR,-
89,2023-04-27,Upgrade,173,27337826,5,IDR,-
90,2023-12-18,Upgrade,309,19847258,3,IDR,-
91,2024-04-14,Upgrade,14,39915927,7,IDR,-
92,2023-11-07,Upgrade,143,34084810,4,IDR,-
93,2024-05-19,Upgrade,280,46680402,6,IDR,-
94,2023-06-05,Upgrade,416,26851187,3,IDR,-
95,2023-05-31,Pembelian,203,11792215,7,IDR,-
96,2024-04-28,Pembelian,187,48278216,6,IDR,-
97,2023-12-31,Pembelian,115,22363322,3,IDR,-
98,2024-09-16,Pembelian,259,43579879,8,IDR,-
99,2024-03-21,Pembelian,226,48115169,4,IDR,-
100,2024-02-05,Pembelian,215,10107880,8,IDR,-
101,2023-11-10,Upgrade,78,41374166,4,IDR,-
102,2024-12-07,Upgrade,175,25258291,6,IDR,-
103,2024-10-24,Upgrade,90,29590020,4,IDR,-
104,2024-06-19,Pembelian,200,22855225,4,IDR,-
105,2024-04-27,Pembelian,493,34735021,3,IDR,-
106,2024-03-22,Upgrade,299,28991518,5,IDR,-
107,2024-03-27,Pembelian,239,27454230,4,IDR,-
108,2023-02-10,Upgrade,296,16356018,4,IDR,-
109,2024-09-27,Upgrade,489,17455853,3,IDR,-
110,2023-02-22,Pembelian,241,15767841,4,IDR,-
111,2024-09-23,Pembelian,487,8033163,7,IDR,-
112,2024-12-23,Upgrade,473,15847628,7,IDR,-
113,2023-10-15,Upgrade,281,41977531,9,IDR,-
114,2024-06-05,Pembelian,463,36987546,4,IDR,-
115,2023-03-23,Pembelian,328,12886432,3,IDR,-
116,2023-06-01,Upgrade,75,11133600,4,IDR,-
117,2024-02-29,Pembelian,459,16086419,6,IDR,-
118,2023-02-08,Pembelian,235,6029190,8,IDR,-
119,2023-02-08,Pembelian,28,17457304,8,IDR,-
120,2023-08-08,Pembelian,225,47651578,9,IDR,-
121,2024-08-25,Upgrade,427,43593616,5,IDR,-
122,2023-12-15,Upgrade,15,49454214,5,IDR,-
123,2024-10-06,Pembelian,408,24241474,4,IDR,-
124,2024-12-02,Upgrade,368,13950428,8,IDR,-
125,2024-12-28,Upgrade,3,30899720,5,IDR,-
126,2023-01-23,Pembelian,93,29875945,6,IDR,-
127,2023-12-01,Pembelian,295,19570236,8,IDR,-
128,2024-09-13,Pembelian,124,36621914,9,IDR,-
129,2024-04-10,Upgrade,154,29052876,3,IDR,-
130,2024-07-01,Upgrade,381,34416591,4,IDR,-
131,2023-02-09,Pembelian,366,13542754,8,IDR,-
132,2023-04-15,Pembelian,328,5006195,6,IDR,-
133,2023-07-10,Pembelian,305,10707722,9,IDR,-
134,2023-10-03,Upgrade,96,31223442,6,IDR,-
135,2024-07-11,Upgrade,460,26920155,8,IDR,-
136,2023-05-11,Pembelian,83,33469141,6,IDR,-
137,2024-04-16,Pembelian,89,32543059,7,IDR,-
138,2024-04-14,Pembelian,200,30729504,5,IDR,-
139,2023-02-10,Pembelian,322,22129623,9,IDR,-
140,2024-09-20,Pembelian,29,46442213,9,IDR,-
141,2023-08-14,Upgrade,63,37351086,5,IDR,-
142,2023-11-14,Pembelian,291,25664020,6,IDR,-
143,2023-11-09,Upgrade,313,13795068,6,IDR,-
144,2023-06-27,Upgrade,88,17912478,6,IDR,-
145,2023-06-21,Upgrade,154,27838662,5,IDR,-
146,2023-10-12,Pembelian,372,26928529,7,IDR,-
147,2023-12-10,Upgrade,351,26468496,5,IDR,-
148,2023-06-01,Pembelian,273,42336151,4,IDR,-
149,2024-10-25,Upgrade,67,42844185,7,IDR,-
150,2023-01-26,Pembelian,468,5821235,7,IDR,-
151,2024-03-27,Pembelian,437,7813324,5,IDR,-
152,2023-09-01,Upgrade,425,42698803,9,IDR,-
153,2024-04-02,Upgrade,319,29386725,5,IDR,-
154,2023-01-01,Upgrade,355,27303542,9,IDR,-
155,2023-07-23,Upgrade,257,25215657,7,IDR,-
156,2023-09-18,Upgrade,80,25027254,3,IDR,-
157,2023-06-11,Pembelian,401,15449840,6,IDR,-
158,2023-12-19,Pembelian,182,17918779,5,IDR,-
159,2023-01-31,Pembelian,22,18881570,4,IDR,-
160,2023-02-27,Pembelian,500,39315565,7,IDR,-
161,2024-02-14,Upgrade,194,17096369,5,IDR,-
162,2023-06-30,Upgrade,274,34963585,7,IDR,-
163,2023-03-16,Pembelian,250,32138028,8,IDR,-
164,2024-02-25,Pembelian,341,32410010,3,IDR,-
165,2024-11-15,Pembelian,209,19817267,6,IDR,-
166,2023-05-09,Pembelian,53,33545535,3,IDR,-
167,2023-11-18,Upgrade,153,30567768,6,IDR,-
168,2024-08-19,Pembelian,110,46492416,8,IDR,-
169,2023-02-20,Upgrade,182,44039744,9,IDR,-
170,2024-02-18,Pembelian,284,20072187,7,IDR,-
171,2024-01-01,Upgrade,405,40267572,4,IDR,-
172,2023-11-29,Upgrade,323,18786440,3,IDR,-
173,2023-08-22,Pembelian,106,19543182,9,IDR,-
174,2023-06-30,Upgrade,427,5617514,5,IDR,-
175,2023-08-31,Pembelian,333,13602598,6,IDR,-
176,2023-05-17,Pembelian,138,14376088,4,IDR,-
177,2024-09-21,Upgrade,366,37560932,8,IDR,-
178,2023-06-22,Upgrade,390,32246301,5,IDR,-
179,2023-04-21,Upgrade,135,13391924,3,IDR,-
180,2023-07-13,Upgrade,259,22158702,9,IDR,-
181,2023-03-30,Upgrade,382,43327125,9,IDR,-
182,2024-10-24,Upgrade,237,18343972,7,IDR,-
183,2024-01-04,Upgrade,24,9713161,9,IDR,-
184,2024-03-19,Upgrade,402,32537474,3,IDR,-
185,2023-11-07,Upgrade,105,23331307,5,IDR,-
186,2024-03-01,Pembelian,42,29493554,7,IDR,-
187,2024-08-28,Upgrade,328,29179964,7,IDR,-
188,2023-07-19,Pembelian,401,27190447,7,IDR,-
189,2023-12-25,Pembelian,493,12778779,5,IDR,-
190,2023-06-02,Pembelian,287,32788472,8,IDR,-
191,2023-10-15,Upgrade,399,38919784,7,IDR,-
192,2023-02-20,Pembelian,221,42980642,6,IDR,-
193,2024-02-10,Upgrade,416,18961414,8,IDR,-
194,2024-12-10,Upgrade,478,7332993,9,IDR,-
195,2024-08-28,Upgrade,300,13170360,4,IDR,-
196,2024-04-26,Upgrade,312,27425610,5,IDR,-
197,2024-05-11,Upgrade,148,15188546,7,IDR,-
198,2024-08-26,Pembelian,207,10907414,7,IDR,-
199,2023-10-15,Upgrade,319,32697998,5,IDR,-
200,2024-01-11,Upgrade,170,16098680,9,IDR,-
201,2023-02-15,Pembelian,497,36157321,6,IDR,-
202,2023-11-05,Pembelian,246,5900886,4,IDR,-
203,2023-04-16,Upgrade,339,20876773,9,IDR,-
204,2024-08-01,Pembelian,3,30021720,7,IDR,-
205,2024-11-29,Pembelian,360,11691449,3,IDR,-
206,2023-11-22,Upgrade,232,19223598,5,IDR,-
207,2023-03-01,Pembelian,370,40776223,3,IDR,-
208,2023-07-07,Upgrade,142,7591739,3,IDR,-
209,2023-03-27,Pembelian,76,9760331,7,IDR,-
210,2023-10-05,Pembelian,389,26333734,7,IDR,-
211,2023-12-24,Pembelian,363,31345173,3,IDR,-
212,2024-01-11,Upgrade,269,25355000,3,IDR,-
213,2024-10-28,Upgrade,20,23328353,4,IDR,-
214,2024-12-20,Upgrade,153,44019163,6,IDR,-
215,2023-10-04,Pembelian,232,21469433,3,IDR,-
216,2024-02-07,Upgrade,167,31652883,8,IDR,-
217,2024-01-25,Upgrade,256,31630089,9,IDR,-
218,2024-12-15,Pembelian,469,11382972,9,IDR,-
219,2024-08-19,Upgrade,404,25652317,7,IDR,-
220,2024-02-04,Upgrade,53,42759128,8,IDR,-
221,2023-01-13,Upgrade,256,9195721,9,IDR,-
222,2023-06-17,Pembelian,437,45565294,8,IDR,-
223,2024-10-16,Upgrade,343,13168074,3,IDR,-
224,2024-08-20,Pembelian,435,22826588,5,IDR,-
225,2024-10-24,Upgrade,46,35987344,5,IDR,-
226,2024-10-13,Pembelian,22,13469892,9,IDR,-
227,2024-06-06,Pembelian,68,17350102,6,IDR,-
228,2023-03-12,Upgrade,17,28655334,9,IDR,-
229,2024-07-25,Upgrade,467,12777630,3,IDR,-
230,2024-12-29,Pembelian,187,32571350,7,IDR,-
231,2023-11-26,Upgrade,314,9126960,3,IDR,-
232,2023-11-03,Upgrade,291,18411938,3,IDR,-
233,2024-03-01,Pembelian,447,25164408,5,IDR,-
234,2023-10-14,Upgrade,396,22440716,6,IDR,-
235,2023-07-27,Pembelian,96,24224084,4,IDR,-
236,2023-12-25,Pembelian,333,34593343,4,IDR,-
237,2024-04-06,Pembelian,307,14986583,7,IDR,-
238,2024-07-03,Pembelian,14,9998294,4,IDR,-
239,2023-09-09,Pembelian,351,30750356,9,IDR,-
240,2024-01-19,Pembelian,20,7062347,3,IDR,-
241,2023-03-14,Pembelian,174,34432763,4,IDR,-
242,2024-12-31,Pembelian,467,13297790,9,IDR,-
243,2024-09-10,Upgrade,61,10973274,8,IDR,-
244,2023-03-08,Upgrade,335,31232445,7,IDR,-
245,2023-11-02,Pembelian,336,29499004,9,IDR,-
246,2023-04-26,Pembelian,433,6370039,7,IDR,-
247,2024-01-10,Pembelian,193,31255905,7,IDR,-
248,2023-05-28,Pembelian,267,13246531,6,IDR,-
249,2023-07-23,Pembelian,409,29607382,9,IDR,-
250,2023-11-10,Upgrade,62,16196062,8,IDR,-
251,2023-05-02,Upgrade,27,37522761,5,IDR,-
252,2024-10-27,Pembelian,395,32173383,4,IDR,-
253,2023-09-30,Pembelian,466,22675048,3,IDR,-
254,2023-11-14,Upgrade,79,48870413,8,IDR,-
255,2024-10-25,Pembelian,164,16995295,4,IDR,-
256,2024-06-07,Upgrade,426,17504418,9,IDR,-
257,2023-11-28,Pembelian,35,5719709,6,IDR,-
258,2023-02-12,Upgrade,267,31858875,8,IDR,-
259,2024-06-06,Pembelian,4,13044806,6,IDR,-
260,2024-02-04,Upgrade,364,25276385,6,IDR,-
261,2023-01-06,Pembelian,66,41419339,9,IDR,-
262,2023-09-03,Upgrade,447,34886145,6,IDR,-
263,2024-05-21,Pembelian,143,25285655,6,IDR,-
264,2024-08-15,Pembelian,63,39132175,9,IDR,-
265,2023-06-15,Upgrade,493,5921876,5,IDR,-
266,2023-11-14,Upgrade,207,29627606,7,IDR,-
267,2024-06-29,Pembelian,125,16169197,4,IDR,-
268,2023-01-03,Upgrade,494,19318176,4,IDR,-
269,2023-06-15,Upgrade,492,27733666,9,IDR,-
270,2024-10-01,Upgrade,371,47788831,7,IDR,-
271,2024-05-19,Pembelian,404,41888655,8,IDR,-
272,2023-03-30,Upgrade,247,49713335,7,IDR,-
273,2023-12-07,Upgrade,284,47975567,6,IDR,-
274,2023-06-03,Upgrade,145,16307369,8,IDR,-
275,2024-07-07,Pembelian,143,15301509,6,IDR,-
276,2024-06-22,Upgrade,460,46503714,7,IDR,-
277,2024-09-01,Upgrade,378,31655671,9,IDR,-
278,2023-10-08,Pembelian,366,44728090,4,IDR,-
279,2023-12-22,Pembelian,161,33968238,8,IDR,-
280,2023-05-05,Pembelian,55,46086272,8,IDR,-
281,2024-06-13,Upgrade,416,35784402,8,IDR,-
282,2023-10-04,Upgrade,157,34412142,8,IDR,-
283,2023-06-14,Pembelian,49,13223496,8,IDR,-
284,2024-09-14,Pembelian,121,27180972,8,IDR,-
285,2024-03-07,Upgrade,415,34275081,9,IDR,-
286,2024-11-03,Upgrade,348,6539144,8,IDR,-
287,2024-12-18,Pembelian,399,25796889,4,IDR,-
288,2024-10-26,Pembelian,224,46673185,8,IDR,-
289,2023-08-28,Pembelian,414,25948736,7,IDR,-
290,2023-05-27,Upgrade,408,8969038,3,IDR,-
291,2024-11-10,Pembelian,474,17496907,8,IDR,-
292,2023-10-15,Upgrade,240,32146246,4,IDR,-
293,2023-01-19,Pembelian,427,24974334,4,IDR,-
294,2024-11-28,Pembelian,472,11425174,8,IDR,-
295,2023-10-26,Upgrade,275,43580218,6,IDR,-
296,2023-11-01,Pembelian,43,8233384,8,IDR,-
297,2023-11-09,Pembelian,208,6635528,4,IDR,-
298,2024-06-08,Pembelian,379,26202703,7,IDR,-
299,2024-07-02,Upgrade,127,38546810,4,IDR,-
300,2024-07-12,Upgrade,426,6867519,7,IDR,-
301,2024-10-16,Upgrade,467,39995445,8,IDR,-
302,2024-06-23,Pembelian,125,8991615,9,IDR,-
303,2023-12-28,Upgrade,291,29264400,3,IDR,-
304,2024-09-23,Upgrade,227,13574029,8,IDR,-
305,2024-03-31,Upgrade,18,36744548,6,IDR,-
306,2024-02-11,Upgrade,2,27216603,3,IDR,-
307,2023-08-19,Pembelian,65,18551680,8,IDR,-
308,2023-10-27,Pembelian,199,45041268,5,IDR,-
309,2024-05-16,Pembelian,152,10769078,6,IDR,-
310,2024-05-16,Upgrade,12,42864610,9,IDR,-
311,2024-08-04,Upgrade,462,5933135,7,IDR,-
312,2023-03-25,Upgrade,427,10964825,6,IDR,-
313,2024-10-03,Pembelian,282,18345857,9,IDR,-
314,2023-05-23,Upgrade,142,8196648,8,IDR,-
315,2023-07-26,Pembelian,210,9322621,8,IDR,-
316,2024-05-31,Upgrade,346,6341836,6,IDR,-
317,2023-05-24,Upgrade,321,37279313,8,IDR,-
318,2024-02-13,Upgrade,320,31392426,8,IDR,-
319,2024-07-31,Pembelian,13,39817885,4,IDR,-
320,2024-12-21,Pembelian,44,32272839,7,IDR,-
321,2024-10-15,Upgrade,98,38663111,3,IDR,-
322,2023-03-20,Pembelian,399,45437262,4,IDR,-
323,2024-07-17,Upgrade,298,25529417,4,IDR,-
324,2024-01-06,Upgrade,303,30416941,3,IDR,-
325,2024-08-26,Upgrade,342,43709114,7,IDR,-
326,2024-02-19,Upgrade,101,43946580,3,IDR,-
327,2024-05-04,Pembelian,409,32042645,8,IDR,-
328,2023-10-17,Upgrade,223,5736583,3,IDR,-
329,2023-06-30,Pembelian,494,27576760,8,IDR,-
330,2024-07-22,Pembelian,10,37573936,9,IDR,-
331,2023-02-28,Upgrade,404,39935464,8,IDR,-
332,2023-08-05,Upgrade,110,23401543,6,IDR,-
333,2024-07-29,Upgrade,329,15980869,3,IDR,-
334,2023-11-21,Upgrade,489,38345047,3,IDR,-
335,2023-09-16,Upgrade,362,35664581,5,IDR,-
336,2024-11-04,Pembelian,361,15832963,8,IDR,-
337,2023-10-26,Pembelian,419,28727206,8,IDR,-
338,2023-10-26,Upgrade,82,36493144,8,IDR,-
339,2024-09-09,Pembelian,461,48930888,7,IDR,-
340,2024-03-11,Upgrade,112,27772846,7,IDR,-
341,2023-10-30,Pembelian,337,11315351,8,IDR,-
342,2024-10-16,Upgrade,233,36880098,6,IDR,-
343,2023-08-03,Upgrade,297,6790534,7,IDR,-
344,2023-02-22,Pembelian,175,26523930,5,IDR,-
345,2024-04-11,Upgrade,445,10199276,7,IDR,-
346,2024-03-04,Upgrade,262,19212034,7,IDR,-
347,2024-02-24,Pembelian,244,29859916,7,IDR,-
348,2024-05-01,Pembelian,112,22254844,4,IDR,-
349,2024-08-15,Upgrade,19,10539027,7,IDR,-
350,2024-09-04,Pembelian,232,30400859,7,IDR,-
351,2023-03-31,Pembelian,330,42354760,5,IDR,-
352,2024-09-01,Pembelian,424,23058775,4,IDR,-
353,2023-07-25,Pembelian,125,25477562,5,IDR,-
354,2023-08-19,Pembelian,37,12627693,4,IDR,-
355,2023-09-15,Upgrade,74,30910402,6,IDR,-
356,2023-01-07,Upgrade,183,43074266,3,IDR,-
357,2024-06-06,Upgrade,162,12904790,8,IDR,-
358,2024-07-19,Upgrade,466,8245111,3,IDR,-
359,2024-12-09,Pembelian,321,6952522,8,IDR,-
360,2023-08-01,Upgrade,270,49980581,4,IDR,-
361,2024-03-29,Pembelian,91,13443082,9,IDR,-
362,2024-01-02,Pembelian,258,37687447,7,IDR,-
363,2024-01-24,Upgrade,334,27134457,7,IDR,-
364,2023-08-23,Upgrade,233,37936901,5,IDR,-
365,2024-03-10,Upgrade,428,12415435,5,IDR,-
366,2024-06-17,Upgrade,182,20294777,8,IDR,-
367,2024-07-24,Upgrade,50,41524360,5,IDR,-
368,2024-10-14,Upgrade,86,17250860,7,IDR,-
369,2024-09-02,Upgrade,341,28598373,4,IDR,-
370,2024-06-21,Pembelian,147,19336290,9,IDR,-
371,2024-05-29,Pembelian,58,47167763,4,IDR,-
372,2024-11-24,Pembelian,336,30556152,8,IDR,-
373,2023-10-26,Upgrade,368,28196939,6,IDR,-
374,2024-03-26,Upgrade,397,27318249,8,IDR,-
375,2023-12-26,Upgrade,285,15426470,4,IDR,-
376,2023-01-27,Upgrade,408,31581376,6,IDR,-
377,2024-10-23,Upgrade,139,38606427,9,IDR,-
378,2023-12-12,Upgrade,103,26587627,4,IDR,-
379,2023-11-26,Upgrade,364,36665164,4,IDR,-
380,2024-01-30,Pembelian,364,12912126,9,IDR,-
381,2024-12-23,Pembelian,351,21006408,7,IDR,-
382,2023-12-25,Pembelian,35,15303423,7,IDR,-
383,2024-07-24,Upgrade,159,42450432,6,IDR,-
384,2024-06-19,Pembelian,365,20302282,7,IDR,-
385,2024-08-30,Pembelian,287,40061630,3,IDR,-
386,2024-10-04,Upgrade,200,16192452,8,IDR,-
387,2023-01-27,Upgrade,93,44326071,6,IDR,-
388,2024-12-28,Upgrade,90,25777227,6,IDR,-
389,2023-06-23,Pembelian,331,41451162,6,IDR,-
390,2024-10-05,Upgrade,394,45022885,8,IDR,-
391,2024-08-20,Upgrade,191,8647108,7,IDR,-
392,2024-04-10,Pembelian,199,27870312,4,IDR,-
393,2024-11-27,Pembelian,426,16613019,7,IDR,-
394,2024-04-09,Pembelian,493,34699775,7,IDR,-
395,2024-08-13,Pembelian,432,45191126,5,IDR,-
396,2024-01-17,Upgrade,436,23227280,8,IDR,-
397,2023-09-21,Pembelian,346,35079152,8,IDR,-
398,2024-06-13,Upgrade,189,7814280,4,IDR,-
399,2023-10-15,Upgrade,303,28830584,9,IDR,-
400,2023-09-02,Upgrade,341,46143144,3,IDR,-
401,2023-03-23,Pembelian,93,10137627,5,IDR,-
402,2023-07-02,Pembelian,395,17411126,9,IDR,-
403,2024-11-15,Pembelian,29,43373686,8,IDR,-
404,2023-06-18,Upgrade,14,21897396,7,IDR,-
405,2024-03-26,Pembelian,311,45870012,3,IDR,-
406,2024-02-28,Upgrade,347,32232201,4,IDR,-
407,2024-06-06,Upgrade,463,39744650,3,IDR,-
408,2024-08-14,Pembelian,158,46046187,6,IDR,-
409,2023-03-10,Pembelian,486,22322739,5,IDR,-
410,2024-03-11,Upgrade,407,20088227,7,IDR,-
411,2024-09-09,Pembelian,150,47991461,8,IDR,-
412,2023-12-04,Upgrade,48,21281554,4,IDR,-
413,2024-11-25,Upgrade,77,48226920,4,IDR,-
414,2024-11-24,Pembelian,345,26956948,5,IDR,-
415,2024-12-22,Pembelian,345,41143774,8,IDR,-
416,2024-06-29,Pembelian,75,38191591,3,IDR,-
417,2023-09-19,Upgrade,250,33646104,6,IDR,-
418,2024-12-06,Pembelian,203,13367254,8,IDR,-
419,2024-10-31,Upgrade,454,29291691,3,IDR,-
420,2024-05-07,Upgrade,299,49432853,7,IDR,-
421,2023-05-12,Upgrade,62,8591189,7,IDR,-
422,2023-06-02,Pembelian,45,20537544,4,IDR,-
423,2024-09-02,Upgrade,242,7134041,9,IDR,-
424,2024-03-03,Pembelian,265,7733450,8,IDR,-
425,2023-09-21,Pembelian,268,8395047,6,IDR,-
426,2023-07-23,Pembelian,435,40369234,4,IDR,-
427,2023-12-15,Upgrade,328,36293243,5,IDR,-
428,2023-05-02,Upgrade,82,37795459,6,IDR,-
429,2023-01-22,Upgrade,151,38885699,5,IDR,-
430,2024-08-20,Upgrade,446,43587155,6,IDR,-
431,2023-10-31,Pembelian,205,35675410,7,IDR,-
432,2024-11-07,Upgrade,339,24645628,3,IDR,-
433,2024-02-15,Pembelian,106,35033859,8,IDR,-
434,2023-04-13,Pembelian,127,14888015,4,IDR,-
435,2023-11-25,Upgrade,20,31062775,8,IDR,-
436,2023-11-02,Upgrade,371,32829220,5,IDR,-
437,2024-07-25,Upgrade,465,6065781,8,IDR,-
438,2023-04-30,Upgrade,417,6315071,9,IDR,-
439,2023-11-17,Pembelian,489,8697210,9,IDR,-
440,2023-10-17,Upgrade,451,46611645,5,IDR,-
441,2023-02-21,Pembelian,58,14658189,5,IDR,-
442,2023-10-09,Upgrade,40,34489189,9,IDR,-
443,2023-06-14,Pembelian,57,15561868,6,IDR,-
444,2023-07-03,Upgrade,295,17291738,5,IDR,-
445,2024-10-28,Upgrade,136,12204373,4,IDR,-
446,2024-02-26,Upgrade,162,32520009,3,IDR,-
447,2024-05-06,Upgrade,156,11327489,4,IDR,-
448,2023-03-31,Upgrade,310,28698186,6,IDR,-
449,2024-04-29,Pembelian,255,40196776,9,IDR,-
450,2024-05-01,Upgrade,262,17795407,7,IDR,-
451,2024-08-10,Upgrade,274,27029042,8,IDR,-
452,2023-02-18,Upgrade,114,21053298,4,IDR,-
453,2024-10-03,Upgrade,225,27938090,3,IDR,-
454,2024-09-02,Upgrade,420,13160815,8,IDR,-
455,2023-01-21,Upgrade,262,10213272,7,IDR,-
456,2024-05-31,Pembelian,213,29674700,8,IDR,-
457,2023-11-28,Upgrade,105,46677914,6,IDR,-
458,2024-10-29,Pembelian,25,37087103,3,IDR,-
459,2023-07-24,Pembelian,206,10693431,5,IDR,-
460,2023-05-21,Pembelian,94,36973576,9,IDR,-
461,2023-05-20,Upgrade,149,41657189,6,IDR,-
462,2023-06-18,Pembelian,492,16294584,7,IDR,-
463,2024-10-10,Pembelian,309,31885722,7,IDR,-
464,2023-03-02,Upgrade,284,25581132,9,IDR,-
465,2024-11-13,Upgrade,22,23730210,4,IDR,-
466,2023-02-12,Pembelian,429,11148051,6,IDR,-
467,2024-11-10,Upgrade,270,22318851,9,IDR,-
468,2023-05-07,Pembelian,370,9487660,8,IDR,-
469,2024-11-09,Upgrade,266,10616111,3,IDR,-
470,2024-02-22,Pembelian,139,39210377,8,IDR,-
471,2024-03-03,Upgrade,80,33169065,6,IDR,-
472,2023-06-15,Upgrade,64,13486909,3,IDR,-
473,2024-12-22,Upgrade,269,32020001,3,IDR,-
474,2024-08-11,Upgrade,215,42822960,7,IDR,-
475,2024-08-06,Upgrade,460,6732014,3,IDR,-
476,2024-11-03,Upgrade,301,46159847,4,IDR,-
477,2023-05-09,Pembelian,396,41056359,6,IDR,-
478,2024-12-27,Upgrade,446,47248940,5,IDR,-
479,2024-09-16,Pembelian,475,17435642,4,IDR,-
480,2023-04-10,Pembelian,157,34629568,7,IDR,-
481,2024-03-09,Pembelian,91,14702221,9,IDR,-
482,2023-04-30,Pembelian,151,7307105,9,IDR,-
483,2024-12-24,Upgrade,363,49218243,6,IDR,-
484,2024-12-04,Pembelian,301,10430462,4,IDR,-
485,2024-11-23,Upgrade,247,22709576,7,IDR,-
486,2023-05-15,Upgrade,416,10717892,5,IDR,-
487,2024-02-22,Upgrade,248,33061387,4,IDR,-
488,2023-02-07,Pembelian,79,26113130,9,IDR,-
489,2023-10-23,Pembelian,430,33477544,7,IDR,-
490,2023-01-11,Pembelian,86,13711759,5,IDR,-
491,2023-06-02,Pembelian,164,46164193,9,IDR,-
492,2024-08-03,Upgrade,388,49522681,5,IDR,-
493,2024-12-14,Upgrade,452,15581084,7,IDR,-
494,2023-01-01,Pembelian,257,34264856,7,IDR,-
495,2023-04-11,Pembelian,167,22441683,5,IDR,-
496,2023-10-18,Upgrade,69,32331183,3,IDR,-
497,2024-08-29,Upgrade,148,7288023,3,IDR,-
498,2024-04-17,Pembelian,312,28865801,3,IDR,-
499,2023-04-25,Pembelian,38,47964868,9,IDR,-
500,2024-10-13,Pembelian,178,24872616,8,IDR,-
