id_batch,date_time_in,date_time_out,feed_ton,product_ton,throughput_tph,crusher_id,downtime_min,screening_loss_ton,note
1,2025-04-05 07:20:51,2025-04-06 09:09:31,242.67,215.79,134.25,CR04,19,8.21,
2,2025-04-28 21:10:45,2025-02-08 20:53:55,116.0,143.73,182.86,CR03,48,2.04,
3,2025-03-27 20:04:30,2025-01-24 19:31:54,51.35,203.13,85.81,CR03,48,1.86,
4,2025-03-22 10:14:10,2025-01-27 08:32:24,217.13,186.17,97.82,CR03,41,1.26,
5,2025-02-23 01:02:59,2025-01-15 09:06:27,293.16,224.56,129.68,CR04,6,1.38,
6,2025-02-11 20:37:27,2025-03-29 18:40:17,201.71,147.22,138.01,CR01,28,7.48,
7,2025-05-27 14:17:24,2025-02-03 12:38:13,79.98,153.48,111.62,CR03,47,4.7,
8,2025-04-10 11:42:24,2025-05-19 12:32:40,130.18,194.46,122.78,CR04,28,7.83,
9,2025-01-23 02:25:40,2025-03-28 10:22:06,266.91,65.94,99.53,CR04,12,7.46,
10,2025-03-09 00:37:19,2025-01-18 01:08:04,108.14,144.7,138.7,CR02,2,6.05,
11,2025-03-25 11:32:33,2025-05-13 10:01:14,201.92,273.27,175.26,CR04,1,6.86,
12,2025-01-22 12:47:01,2025-03-04 01:23:13,150.67,49.01,159.36,CR03,15,0.18,
13,2025-02-25 00:01:27,2025-05-10 16:21:32,101.96,115.84,92.94,CR03,29,3.12,
14,2025-05-12 16:43:28,2025-03-09 11:07:09,253.35,115.39,138.51,CR04,37,6.38,
15,2025-05-12 17:58:30,2025-05-18 18:41:54,235.71,192.03,163.72,CR03,5,0.09,
16,2025-04-26 04:12:21,2025-01-13 14:38:16,215.4,65.39,143.59,CR04,44,0.33,
17,2025-04-05 11:52:22,2025-04-17 19:10:20,109.08,190.85,127.0,CR03,6,8.52,
18,2025-04-13 07:41:27,2025-04-16 06:42:06,74.46,62.81,154.63,CR02,4,6.84,
19,2025-05-10 13:03:47,2025-02-26 09:11:10,194.04,62.79,196.24,CR01,55,2.65,
20,2025-03-01 21:20:18,2025-02-28 05:53:57,188.42,214.76,91.39,CR02,6,6.88,
21,2025-01-09 19:39:36,2025-01-31 14:01:39,97.1,117.79,126.8,CR02,33,7.92,
22,2025-02-12 19:41:25,2025-05-19 05:16:15,64.06,274.58,128.79,CR01,31,3.07,
23,2025-03-18 18:03:39,2025-05-18 18:48:24,70.18,48.96,149.24,CR03,48,0.36,
24,2025-04-27 09:03:24,2025-05-16 23:15:29,298.19,146.83,98.26,CR01,12,9.33,
25,2025-01-11 15:18:08,2025-05-04 19:53:51,245.9,67.15,101.2,CR04,29,3.45,
26,2025-01-02 11:49:27,2025-02-03 19:19:22,280.5,124.33,114.24,CR01,24,1.06,
27,2025-02-09 16:40:50,2025-03-12 04:40:32,98.76,279.57,194.7,CR02,20,4.92,
28,2025-02-28 12:42:57,2025-04-09 18:58:25,290.14,253.32,168.09,CR01,59,7.68,
29,2025-02-11 00:25:18,2025-02-13 13:02:30,85.66,51.6,159.4,CR03,58,2.22,
30,2025-05-30 00:06:28,2025-01-24 13:35:24,177.27,175.18,178.03,CR02,20,2.69,
31,2025-01-27 15:33:37,2025-02-09 00:38:11,257.42,195.48,95.31,CR04,27,2.43,
32,2025-05-29 09:14:52,2025-01-27 23:12:47,137.45,90.29,183.12,CR03,47,9.92,
33,2025-02-19 14:48:25,2025-02-15 23:16:14,156.21,74.83,151.38,CR02,57,1.97,
34,2025-02-26 04:55:17,2025-04-06 22:18:32,82.05,257.05,120.24,CR04,19,5.76,
35,2025-03-05 17:09:39,2025-01-06 02:29:32,80.73,272.52,177.9,CR03,33,9.25,
36,2025-01-24 07:10:03,2025-03-12 01:53:58,204.89,278.05,176.31,CR04,4,1.47,
37,2025-01-02 12:01:26,2025-04-18 13:55:37,218.88,229.54,181.49,CR01,17,9.71,
38,2025-04-07 13:59:01,2025-04-22 03:00:21,244.33,199.24,93.86,CR01,59,9.47,
39,2025-05-26 01:20:17,2025-03-13 15:15:02,189.17,122.98,196.32,CR04,38,8.85,
40,2025-03-25 14:59:52,2025-04-01 18:16:08,211.44,81.14,195.16,CR01,42,2.15,
41,2025-02-04 02:47:49,2025-04-18 02:51:39,53.38,58.96,122.9,CR04,56,6.34,
42,2025-01-26 02:02:56,2025-01-26 04:46:39,90.54,206.39,87.91,CR03,56,7.61,
43,2025-03-15 19:53:42,2025-04-29 19:53:09,296.23,228.33,100.05,CR02,10,9.86,
44,2025-04-14 10:00:49,2025-01-17 17:47:35,69.0,238.35,199.14,CR04,53,1.8,
45,2025-05-17 15:20:44,2025-01-13 18:24:30,219.7,259.3,147.56,CR02,16,7.66,
46,2025-02-14 16:23:37,2025-03-02 01:23:57,94.02,251.18,122.79,CR02,47,3.39,
47,2025-04-08 03:23:29,2025-03-19 07:33:35,229.18,279.94,114.58,CR04,44,1.76,
48,2025-04-19 11:50:25,2025-05-20 05:09:09,226.5,98.58,110.84,CR01,21,4.21,
49,2025-05-10 17:19:48,2025-05-20 14:10:31,108.55,223.19,159.7,CR03,36,7.94,
50,2025-03-10 18:32:19,2025-04-03 22:44:27,117.41,180.75,130.33,CR02,19,4.65,
51,2025-01-14 23:53:46,2025-04-13 01:55:09,213.69,102.7,195.85,CR03,47,5.38,
52,2025-03-19 02:29:08,2025-03-21 18:26:38,147.52,275.66,162.06,CR02,59,9.95,
53,2025-05-25 02:09:47,2025-05-30 08:33:59,98.64,255.5,175.05,CR04,53,3.99,
54,2025-01-09 05:08:34,2025-03-21 12:05:54,232.92,70.84,115.13,CR01,53,6.15,
55,2025-03-26 16:55:50,2025-04-22 15:13:50,88.54,46.28,89.5,CR03,47,3.65,
56,2025-01-04 15:20:30,2025-01-15 07:42:11,263.91,205.2,138.54,CR02,47,3.93,
57,2025-03-31 06:36:36,2025-01-25 08:03:54,178.67,184.99,117.75,CR04,45,6.96,
58,2025-01-16 02:51:57,2025-03-03 13:27:21,76.43,264.6,104.25,CR04,5,9.38,
59,2025-03-02 18:58:05,2025-05-05 17:30:53,223.52,96.16,194.32,CR02,33,5.42,
60,2025-04-22 19:13:55,2025-01-15 09:38:02,179.79,60.25,133.28,CR02,13,7.68,
61,2025-03-25 08:36:35,2025-03-29 09:01:59,124.51,102.21,100.97,CR02,47,0.89,
62,2025-04-22 08:14:10,2025-04-01 10:56:24,155.63,44.54,103.84,CR01,22,2.11,
63,2025-03-20 12:44:50,2025-05-13 01:32:15,124.58,48.61,113.69,CR02,19,5.02,
64,2025-05-18 18:30:17,2025-04-11 11:04:20,115.76,259.57,199.92,CR02,12,0.2,
65,2025-05-05 07:16:35,2025-03-08 21:33:18,90.9,124.48,112.16,CR01,46,2.53,
66,2025-03-23 02:35:41,2025-01-25 22:04:57,140.69,138.59,119.46,CR04,43,5.17,
67,2025-02-26 05:14:19,2025-04-18 01:15:36,112.75,44.41,159.12,CR02,40,0.15,
68,2025-01-23 08:44:48,2025-05-05 05:39:20,220.86,104.93,115.28,CR03,31,2.65,
69,2025-03-20 15:35:14,2025-04-25 03:16:52,220.97,233.13,105.9,CR04,25,5.14,
70,2025-01-05 01:11:54,2025-02-05 08:00:34,175.46,187.72,99.04,CR03,49,5.73,
71,2025-03-05 01:31:45,2025-05-30 02:07:18,244.49,220.91,117.52,CR02,52,9.26,
72,2025-02-03 08:59:13,2025-01-26 01:20:13,260.33,147.33,92.71,CR01,13,6.45,
73,2025-05-01 00:40:21,2025-03-26 00:08:50,194.94,114.34,82.24,CR01,51,4.15,
74,2025-03-31 08:12:25,2025-04-08 15:30:54,204.73,155.87,176.56,CR01,56,9.3,
75,2025-05-14 21:48:56,2025-01-11 18:14:33,120.72,117.54,96.55,CR02,35,7.85,
76,2025-03-12 06:21:20,2025-01-25 02:37:57,273.72,241.35,173.12,CR02,7,2.0,
77,2025-01-18 02:42:54,2025-04-11 14:31:51,56.05,111.44,175.71,CR03,39,1.31,
78,2025-03-26 19:13:27,2025-01-30 17:06:13,137.15,198.34,144.55,CR01,21,6.76,
79,2025-01-21 13:21:28,2025-03-01 01:19:23,230.45,72.88,117.16,CR02,21,5.6,
80,2025-02-17 05:56:13,2025-02-01 23:21:27,70.02,204.85,97.4,CR04,15,7.9,
81,2025-03-26 14:23:59,2025-02-01 10:49:14,95.79,259.19,168.42,CR02,26,7.39,
82,2025-04-25 08:20:20,2025-03-04 15:42:29,197.32,186.06,152.17,CR02,55,6.25,
83,2025-03-19 18:13:53,2025-05-18 17:43:38,190.0,174.37,158.65,CR04,59,9.86,
84,2025-04-12 17:50:32,2025-02-13 18:46:03,234.73,270.67,81.04,CR01,59,5.34,
85,2025-01-16 06:31:19,2025-03-09 04:35:03,253.15,190.58,191.3,CR04,9,1.13,
86,2025-03-18 20:24:23,2025-04-11 18:14:20,82.14,102.29,87.95,CR01,24,8.28,
87,2025-03-02 05:59:03,2025-02-25 03:45:39,54.6,110.17,124.02,CR04,30,2.52,
88,2025-05-25 19:42:08,2025-01-16 07:30:49,222.41,209.27,128.33,CR03,20,7.77,
89,2025-03-07 22:14:47,2025-02-18 15:54:19,125.35,216.5,80.16,CR01,26,9.57,
90,2025-02-13 00:36:02,2025-02-08 02:49:59,206.5,112.84,139.65,CR02,16,6.97,
91,2025-03-06 16:12:44,2025-05-04 07:34:49,87.64,122.88,170.34,CR03,32,5.96,
92,2025-02-02 15:33:18,2025-04-17 23:06:25,167.26,277.85,178.79,CR01,30,4.6,
93,2025-01-15 19:57:13,2025-02-23 07:02:04,176.11,64.47,185.53,CR01,49,3.64,
94,2025-04-10 03:01:28,2025-01-25 07:20:09,196.27,137.11,138.53,CR01,41,3.53,
95,2025-05-03 23:02:27,2025-05-02 08:48:55,178.29,54.99,155.68,CR04,25,6.36,
96,2025-01-23 03:24:09,2025-02-28 19:15:53,173.92,237.06,89.54,CR01,20,7.51,
97,2025-04-14 00:47:51,2025-04-30 07:26:35,133.18,62.16,138.56,CR02,35,6.79,
98,2025-04-10 00:32:55,2025-04-14 14:11:16,67.8,201.76,98.58,CR01,0,1.98,
99,2025-02-07 15:39:24,2025-01-19 03:24:28,72.38,53.56,124.36,CR02,3,4.94,
100,2025-05-31 17:29:08,2025-04-08 14:09:38,158.44,201.49,119.52,CR02,3,7.92,
101,2025-03-09 20:12:24,2025-05-05 11:13:04,138.95,242.33,130.82,CR02,25,4.76,
102,2025-03-10 04:14:36,2025-02-02 17:54:00,179.03,135.72,148.6,CR03,3,5.37,
103,2025-05-22 05:49:56,2025-04-25 22:01:38,126.21,165.31,188.35,CR02,48,7.71,
104,2025-05-06 07:58:56,2025-04-23 18:00:31,221.98,136.37,127.34,CR04,8,6.61,
105,2025-01-29 16:17:04,2025-01-30 22:35:50,265.99,112.12,197.74,CR01,29,4.09,
106,2025-02-15 21:05:33,2025-02-03 05:51:09,124.72,232.78,171.08,CR04,50,8.95,
107,2025-01-20 23:06:13,2025-05-08 21:55:03,98.25,105.28,141.38,CR03,44,1.63,
108,2025-01-29 10:28:46,2025-05-02 06:17:02,79.05,213.51,157.28,CR01,3,9.96,
109,2025-02-19 16:53:54,2025-05-20 22:23:31,204.06,89.49,92.27,CR02,4,1.19,
110,2025-02-08 07:21:11,2025-04-28 12:09:06,160.96,99.96,181.34,CR01,44,0.15,
111,2025-02-03 16:33:50,2025-03-07 13:25:16,97.0,120.75,149.88,CR03,22,8.9,
112,2025-04-27 23:22:57,2025-04-20 10:39:01,213.28,181.4,198.33,CR03,15,2.45,
113,2025-01-30 16:25:29,2025-01-08 23:58:45,87.12,149.06,156.37,CR04,21,7.3,
114,2025-05-28 14:51:36,2025-01-06 12:13:48,188.58,218.83,180.09,CR01,36,8.11,
115,2025-05-28 09:54:23,2025-01-16 18:31:33,181.79,91.26,175.97,CR01,7,8.59,
116,2025-05-08 06:53:36,2025-01-09 19:52:02,233.56,42.56,121.46,CR01,47,9.92,
117,2025-01-15 15:10:18,2025-05-05 13:23:27,63.78,226.37,111.15,CR04,32,2.94,
118,2025-02-04 09:33:38,2025-05-30 17:13:28,271.97,237.2,131.66,CR03,54,7.1,
119,2025-05-31 01:43:59,2025-04-22 23:56:55,225.75,54.28,136.07,CR02,59,1.15,
120,2025-05-02 22:27:12,2025-02-21 09:23:09,104.03,186.62,108.81,CR01,37,4.07,
121,2025-04-06 22:45:08,2025-05-07 10:29:08,95.85,130.77,187.35,CR04,42,8.48,
122,2025-04-01 02:10:40,2025-02-10 22:26:17,157.92,230.53,145.11,CR04,15,3.68,
123,2025-05-27 11:58:20,2025-05-29 22:17:16,254.39,249.86,197.41,CR02,4,5.91,
124,2025-04-20 11:11:51,2025-04-22 02:21:09,260.74,244.24,177.2,CR03,15,5.04,
125,2025-05-28 13:17:03,2025-03-22 21:26:06,180.11,226.53,146.68,CR01,6,6.46,
126,2025-04-23 12:31:01,2025-05-01 00:35:38,265.2,104.57,193.64,CR01,50,9.73,
127,2025-03-29 04:03:00,2025-05-05 01:54:53,51.36,234.85,140.58,CR04,0,0.56,
128,2025-05-13 06:18:43,2025-01-06 21:08:33,58.79,168.03,186.45,CR03,8,5.74,
129,2025-04-20 14:43:20,2025-04-07 17:01:32,277.96,52.66,122.98,CR01,17,8.63,
130,2025-05-05 20:33:32,2025-05-02 18:47:46,243.83,149.67,125.44,CR02,44,4.81,
131,2025-05-04 08:42:17,2025-04-16 22:34:31,162.68,266.12,130.18,CR03,57,0.79,
132,2025-05-02 06:28:56,2025-02-26 05:58:03,238.4,253.09,145.6,CR03,46,5.61,
133,2025-03-04 18:15:34,2025-05-05 15:30:17,288.91,64.54,146.42,CR04,2,3.32,
134,2025-05-02 19:02:41,2025-02-28 15:51:38,243.02,218.59,139.57,CR04,23,1.55,
135,2025-03-03 09:18:50,2025-04-04 18:41:09,260.59,233.39,116.72,CR01,27,8.49,
136,2025-01-30 07:30:44,2025-02-17 13:12:49,240.15,105.13,191.26,CR04,9,5.22,
137,2025-03-27 09:26:35,2025-05-14 00:17:19,92.05,153.19,150.63,CR03,8,9.33,
138,2025-01-14 06:14:13,2025-03-20 20:31:42,258.39,210.64,128.93,CR01,12,8.06,
139,2025-04-02 01:19:50,2025-02-27 18:08:32,98.78,145.37,158.14,CR01,47,6.93,
140,2025-03-27 20:50:20,2025-03-30 01:40:07,273.15,67.07,172.16,CR03,34,0.05,
141,2025-05-03 14:28:04,2025-01-15 04:04:44,164.66,209.41,195.29,CR01,53,4.28,
142,2025-02-28 19:14:43,2025-05-14 17:10:18,219.24,258.79,139.95,CR02,22,1.97,
143,2025-02-23 08:04:19,2025-01-12 15:12:53,174.31,196.6,93.45,CR02,46,9.11,
144,2025-04-25 20:12:57,2025-01-31 16:42:29,73.5,225.71,132.89,CR01,16,1.75,
145,2025-01-11 21:46:51,2025-03-27 08:42:36,122.68,126.01,137.48,CR04,45,2.86,
146,2025-03-10 08:10:10,2025-03-22 16:56:15,295.93,83.97,187.64,CR02,6,5.17,
147,2025-04-09 12:21:40,2025-04-05 00:46:25,290.18,194.27,127.38,CR01,51,2.63,
148,2025-01-15 09:45:12,2025-04-01 04:27:26,130.12,118.67,194.4,CR02,15,2.1,
149,2025-03-02 06:36:19,2025-02-09 14:48:58,299.07,246.42,138.22,CR04,52,5.99,
150,2025-03-31 15:52:33,2025-03-08 01:24:44,261.39,69.43,196.85,CR03,39,0.89,
151,2025-03-29 18:04:16,2025-04-28 19:14:30,202.74,144.03,80.98,CR01,35,0.58,
152,2025-01-08 07:15:44,2025-01-28 21:32:40,60.03,135.21,187.86,CR01,19,3.72,
153,2025-01-12 01:07:36,2025-03-02 16:44:24,275.36,265.13,191.73,CR01,23,7.21,
154,2025-03-13 14:26:30,2025-05-20 11:48:49,189.36,76.75,195.32,CR01,46,5.55,
155,2025-02-25 17:52:33,2025-03-04 00:07:20,267.12,42.36,81.57,CR01,4,4.23,
156,2025-01-15 21:35:32,2025-05-23 13:37:07,258.61,97.14,100.6,CR01,44,5.66,
157,2025-05-06 04:21:48,2025-03-09 01:32:36,258.25,236.87,158.45,CR04,5,3.65,
158,2025-01-18 12:48:43,2025-03-19 10:09:14,224.54,90.24,83.06,CR03,27,9.36,
159,2025-04-30 10:08:48,2025-01-26 09:24:51,122.85,97.81,87.63,CR04,58,0.55,
160,2025-04-26 08:36:45,2025-05-28 16:57:20,134.04,71.18,106.53,CR04,4,6.73,
161,2025-04-09 11:06:26,2025-03-13 22:50:32,127.12,211.7,141.49,CR03,48,8.91,
162,2025-03-16 15:49:05,2025-04-10 23:58:52,55.01,56.6,145.51,CR04,38,8.04,
163,2025-03-31 20:23:33,2025-04-20 01:29:03,195.64,119.49,84.11,CR02,37,1.84,
164,2025-04-23 16:31:51,2025-01-21 14:51:10,224.71,107.8,100.44,CR04,1,2.96,
165,2025-04-18 15:18:05,2025-03-03 23:11:16,263.47,173.24,139.96,CR01,42,7.17,
166,2025-05-24 11:37:17,2025-02-16 22:34:48,85.04,215.3,151.27,CR02,38,0.84,
167,2025-01-08 23:10:46,2025-04-01 13:55:11,186.05,167.89,97.81,CR02,53,8.12,
168,2025-03-29 07:54:39,2025-01-24 18:59:36,52.0,263.45,127.86,CR03,20,7.19,
169,2025-04-22 00:06:47,2025-02-21 22:30:30,73.77,268.35,188.53,CR04,39,7.3,
170,2025-05-07 13:46:57,2025-03-29 07:16:09,63.55,126.75,199.87,CR04,36,1.0,
171,2025-02-06 13:15:34,2025-02-18 03:23:08,231.37,226.64,198.47,CR02,58,7.18,
172,2025-03-04 10:25:23,2025-01-28 08:32:14,70.26,217.31,185.8,CR04,17,6.8,
173,2025-04-28 11:31:53,2025-01-19 19:10:30,229.11,254.31,127.36,CR04,53,8.31,
174,2025-04-03 08:35:30,2025-01-10 19:50:15,112.41,147.51,162.39,CR03,47,0.42,
175,2025-04-08 08:32:27,2025-02-26 08:29:09,269.43,167.31,129.99,CR02,45,0.23,
176,2025-01-30 07:03:48,2025-03-16 14:16:04,253.29,139.79,157.82,CR01,11,3.73,
177,2025-01-13 00:21:08,2025-04-30 11:52:00,289.46,244.09,117.13,CR02,16,1.49,
178,2025-03-29 11:35:23,2025-03-23 04:38:56,270.94,95.13,152.74,CR03,36,5.58,
179,2025-01-21 02:21:13,2025-02-18 05:01:24,283.33,97.53,142.85,CR03,45,9.17,
180,2025-03-08 16:32:09,2025-02-01 00:15:15,264.69,129.43,82.94,CR03,37,3.91,
181,2025-05-19 16:57:06,2025-03-05 13:57:41,223.35,95.28,174.88,CR04,14,8.45,
182,2025-01-17 09:00:08,2025-04-23 04:13:00,92.56,174.64,81.43,CR02,6,0.0,
183,2025-04-08 23:22:07,2025-05-21 00:42:07,117.93,72.28,115.18,CR04,13,1.69,
184,2025-05-06 11:10:13,2025-03-02 17:21:25,103.18,116.84,80.71,CR04,49,0.3,
185,2025-02-03 12:10:58,2025-02-06 20:41:27,200.9,259.23,125.14,CR02,0,3.28,
186,2025-01-08 14:24:55,2025-05-29 04:24:12,175.9,138.21,87.58,CR03,37,9.08,
187,2025-02-18 02:34:09,2025-01-31 22:35:22,266.77,219.58,189.62,CR01,2,0.97,
188,2025-05-18 09:45:22,2025-04-07 18:05:08,288.17,67.23,129.88,CR01,36,6.06,
189,2025-03-27 00:06:05,2025-04-10 22:47:29,151.21,99.42,135.14,CR02,43,4.51,
190,2025-03-27 07:51:14,2025-04-01 15:30:58,176.59,233.76,121.98,CR02,30,9.38,
191,2025-04-12 18:20:11,2025-04-07 20:23:19,292.88,223.12,155.3,CR03,42,1.23,
192,2025-04-12 12:10:56,2025-03-01 21:54:10,119.06,132.68,174.13,CR02,12,2.12,
193,2025-04-29 09:53:57,2025-04-07 13:54:48,248.1,269.06,157.78,CR02,47,0.3,
194,2025-01-31 19:48:39,2025-01-05 12:00:33,106.31,258.55,169.78,CR03,17,4.34,
195,2025-03-12 15:53:14,2025-01-18 11:39:33,220.37,270.95,188.72,CR03,16,2.78,
196,2025-03-14 09:36:58,2025-03-18 08:38:29,113.4,142.7,183.63,CR04,16,8.7,
197,2025-02-24 22:22:46,2025-04-09 03:32:30,270.93,87.39,160.89,CR02,10,6.05,
198,2025-03-17 05:29:31,2025-03-30 18:50:57,190.37,190.4,105.76,CR01,19,6.14,
199,2025-03-21 09:00:12,2025-02-16 17:52:36,96.48,204.35,156.52,CR02,9,5.32,
200,2025-05-31 09:16:03,2025-02-11 18:38:44,106.09,70.11,140.73,CR01,28,0.92,
201,2025-03-07 16:54:18,2025-04-24 06:34:50,173.46,228.76,166.07,CR01,47,4.45,
202,2025-05-12 19:53:33,2025-03-10 12:36:37,290.4,44.33,179.95,CR01,33,10.0,
203,2025-04-27 02:21:00,2025-01-10 10:45:48,242.41,155.85,169.13,CR04,16,8.35,
204,2025-01-11 04:02:27,2025-01-10 19:32:07,172.08,119.44,181.59,CR03,53,8.93,
205,2025-05-03 12:08:40,2025-02-24 15:12:56,134.43,217.67,87.66,CR03,51,8.23,
206,2025-05-06 16:39:41,2025-04-07 02:22:26,187.32,115.06,83.79,CR04,41,1.03,
207,2025-03-06 23:34:44,2025-04-27 00:38:21,237.09,238.43,111.02,CR03,12,2.27,
208,2025-01-13 19:10:17,2025-05-08 01:04:21,245.98,182.79,188.08,CR04,43,0.03,
209,2025-03-06 00:28:13,2025-05-11 14:10:23,131.15,230.53,178.84,CR02,46,3.04,
210,2025-01-19 08:25:46,2025-04-02 09:05:37,230.29,277.44,161.93,CR04,38,1.09,
211,2025-04-19 08:17:49,2025-02-25 11:41:02,214.45,203.0,164.09,CR03,26,4.73,
212,2025-05-12 17:28:36,2025-04-15 05:09:36,289.78,276.39,167.2,CR03,53,6.77,
213,2025-03-17 01:31:11,2025-01-02 14:06:34,282.77,46.92,193.11,CR02,52,8.75,
214,2025-02-25 04:13:15,2025-01-21 20:58:21,247.34,121.15,179.86,CR04,25,7.49,
215,2025-02-18 22:23:07,2025-03-25 16:16:08,230.85,65.88,154.81,CR02,27,9.39,
216,2025-05-21 12:50:35,2025-01-27 00:10:55,118.51,102.95,159.89,CR01,12,0.54,
217,2025-05-08 11:48:37,2025-02-21 08:31:58,261.49,241.33,105.65,CR04,11,0.12,
218,2025-04-28 00:47:21,2025-05-22 06:25:59,156.88,47.76,158.88,CR02,43,6.61,
219,2025-01-30 04:47:25,2025-03-13 00:38:50,118.06,164.84,130.96,CR02,27,2.89,
220,2025-03-06 17:34:46,2025-05-29 07:49:49,146.04,176.11,98.36,CR03,1,2.54,
221,2025-01-16 19:49:36,2025-03-20 07:18:00,258.98,174.68,176.77,CR04,36,3.31,
222,2025-04-24 03:45:46,2025-03-13 01:23:30,87.16,154.07,141.23,CR01,56,2.7,
223,2025-05-09 20:39:23,2025-01-09 18:50:41,164.04,229.74,197.29,CR01,56,5.11,
224,2025-01-28 11:06:14,2025-03-19 18:50:44,173.09,72.05,113.8,CR04,33,4.4,
225,2025-03-09 22:16:58,2025-01-10 22:24:43,59.16,114.54,137.68,CR04,22,5.12,
226,2025-03-02 05:47:04,2025-04-21 17:42:18,98.94,187.77,133.76,CR02,57,6.73,
227,2025-05-08 09:26:11,2025-04-20 02:15:22,256.69,205.83,94.49,CR03,51,3.87,
228,2025-05-16 15:09:09,2025-02-07 19:09:34,257.69,137.0,131.13,CR03,44,2.51,
229,2025-05-09 13:46:24,2025-03-12 09:28:59,123.1,250.09,114.51,CR03,28,1.66,
230,2025-03-18 02:39:23,2025-04-18 10:12:20,268.72,139.72,99.24,CR04,34,3.49,
231,2025-01-26 00:57:29,2025-02-26 00:58:53,242.95,136.67,113.86,CR03,10,7.42,
232,2025-04-26 13:05:35,2025-01-15 06:40:58,154.48,48.69,107.99,CR02,47,7.57,
233,2025-05-18 15:24:21,2025-03-17 00:30:57,237.1,172.27,168.09,CR04,32,6.67,
234,2025-01-17 10:49:09,2025-04-08 22:00:03,290.33,210.08,83.69,CR04,50,2.34,
235,2025-03-02 02:45:22,2025-03-29 10:48:12,164.74,67.47,154.1,CR03,10,5.88,
236,2025-04-19 12:45:56,2025-05-29 10:22:52,109.61,113.3,171.28,CR01,8,5.71,
237,2025-03-15 03:27:10,2025-04-17 18:31:11,285.45,227.5,137.69,CR01,13,4.84,
238,2025-05-05 22:53:45,2025-02-24 07:35:34,200.94,127.82,191.79,CR02,8,5.5,
239,2025-03-05 18:48:42,2025-05-02 00:30:58,76.32,97.98,164.95,CR03,38,4.92,
240,2025-01-25 19:33:43,2025-05-13 02:53:14,193.17,201.33,169.75,CR03,47,5.65,
241,2025-05-11 02:58:07,2025-04-29 15:40:02,175.15,87.22,103.63,CR04,2,7.16,
242,2025-05-17 11:25:45,2025-01-24 01:41:58,263.9,254.96,173.28,CR04,28,1.1,
243,2025-05-24 10:56:22,2025-01-25 23:36:53,182.67,65.34,179.85,CR03,18,7.5,
244,2025-05-14 02:15:46,2025-01-19 18:34:06,113.81,209.57,123.35,CR04,35,1.36,
245,2025-04-13 05:10:14,2025-03-18 11:43:27,218.91,159.89,105.6,CR03,31,0.67,
246,2025-01-19 03:31:20,2025-03-14 11:13:49,185.64,248.78,126.21,CR02,6,9.76,
247,2025-05-06 10:41:37,2025-03-07 20:15:07,108.26,70.29,168.75,CR04,54,9.57,
248,2025-05-11 04:33:05,2025-04-19 07:41:05,193.41,202.69,130.12,CR03,27,0.6,
249,2025-03-24 05:13:00,2025-03-12 23:50:57,255.38,177.29,168.4,CR04,43,4.43,
250,2025-04-09 17:43:41,2025-05-27 14:23:33,57.14,155.22,93.63,CR02,17,1.86,
251,2025-03-12 06:14:28,2025-01-29 00:20:04,207.71,157.94,176.72,CR04,59,4.85,
252,2025-01-04 12:57:37,2025-02-08 15:40:37,137.4,213.27,110.38,CR03,4,8.3,
253,2025-03-12 09:49:39,2025-04-27 23:40:51,123.17,265.06,109.87,CR04,22,9.51,
254,2025-03-01 23:25:12,2025-04-09 20:40:58,148.15,61.9,150.85,CR04,54,6.34,
255,2025-02-05 00:05:09,2025-03-19 22:35:57,135.51,44.68,88.41,CR03,21,3.54,
256,2025-02-11 14:12:36,2025-04-08 02:31:55,258.06,233.37,83.16,CR01,25,6.03,
257,2025-03-08 08:35:17,2025-01-08 19:36:05,118.7,65.96,111.32,CR04,41,3.12,
258,2025-05-29 18:32:48,2025-01-09 19:07:44,233.29,276.81,144.57,CR04,11,9.1,
259,2025-04-05 10:11:12,2025-01-08 13:21:08,73.51,188.64,188.91,CR02,39,8.7,
260,2025-02-07 06:48:33,2025-01-27 14:38:08,287.85,196.21,181.57,CR01,18,5.58,
261,2025-02-13 23:46:01,2025-05-19 13:34:44,205.58,87.73,138.85,CR02,46,3.25,
262,2025-01-27 17:06:03,2025-03-06 16:04:55,226.68,97.67,84.45,CR03,0,2.93,
263,2025-01-31 02:05:48,2025-04-02 23:48:27,124.51,198.24,144.23,CR03,2,0.33,
264,2025-01-15 23:36:55,2025-04-11 20:15:57,153.02,258.33,164.58,CR02,26,8.16,
265,2025-02-27 10:29:27,2025-03-30 17:43:15,105.94,275.77,120.7,CR04,17,4.5,
266,2025-01-20 15:21:00,2025-01-29 22:06:49,283.13,87.53,93.33,CR01,49,3.25,
267,2025-04-09 14:00:19,2025-04-28 17:22:43,172.03,72.19,113.43,CR02,29,4.71,
268,2025-05-30 16:32:11,2025-04-11 02:25:51,207.61,53.54,172.59,CR02,1,8.19,
269,2025-04-15 19:30:50,2025-01-28 03:25:35,233.57,248.39,122.15,CR03,4,1.25,
270,2025-05-24 10:19:49,2025-03-05 16:25:53,142.78,110.73,177.44,CR04,28,8.58,
271,2025-04-13 05:48:54,2025-04-30 01:06:16,230.03,40.43,118.34,CR01,32,8.98,
272,2025-01-08 07:54:57,2025-03-03 20:27:27,219.0,93.72,99.63,CR02,41,9.47,
273,2025-05-09 12:48:49,2025-02-01 13:18:51,226.41,121.71,132.3,CR01,19,3.97,
274,2025-03-07 09:26:08,2025-03-18 07:18:03,172.31,277.84,134.27,CR01,29,2.17,
275,2025-05-29 19:15:08,2025-04-30 17:06:01,145.73,165.65,81.93,CR02,41,3.74,
276,2025-05-01 00:14:07,2025-05-24 13:28:40,105.52,89.13,94.05,CR01,4,3.33,
277,2025-01-26 10:43:58,2025-02-28 02:31:59,256.16,120.36,102.19,CR03,49,1.76,
278,2025-04-26 23:22:12,2025-04-26 06:57:26,202.09,119.27,93.63,CR04,20,6.07,
279,2025-03-15 03:38:30,2025-03-07 07:36:50,161.09,44.73,120.98,CR04,57,4.77,
280,2025-01-30 22:52:11,2025-04-09 12:15:33,286.0,72.44,195.75,CR04,14,8.66,
281,2025-02-01 12:07:36,2025-04-09 23:26:23,61.96,206.85,141.11,CR03,19,0.32,
282,2025-02-05 02:48:11,2025-04-14 08:53:00,262.54,68.86,155.31,CR03,7,6.44,
283,2025-05-15 12:53:40,2025-04-06 02:51:03,299.4,95.38,122.77,CR03,48,7.63,
284,2025-05-30 17:34:34,2025-05-18 14:58:00,271.74,124.18,118.82,CR04,30,7.59,
285,2025-05-02 07:30:05,2025-04-20 07:25:01,252.61,221.86,82.78,CR01,11,8.86,
286,2025-02-02 03:28:06,2025-02-28 05:07:31,143.58,179.78,140.04,CR03,20,7.29,
287,2025-05-21 00:57:22,2025-04-03 05:09:35,107.83,205.36,138.03,CR02,29,9.28,
288,2025-03-26 23:42:21,2025-01-04 05:32:01,233.71,176.08,98.94,CR03,26,3.33,
289,2025-01-09 11:37:17,2025-03-13 12:40:18,126.14,204.06,171.72,CR02,43,5.03,
290,2025-03-21 18:44:23,2025-03-06 07:41:18,94.01,40.68,139.12,CR04,25,0.14,
291,2025-03-12 17:45:29,2025-05-11 20:09:55,246.63,263.42,120.68,CR02,32,0.07,
292,2025-05-12 08:04:46,2025-01-22 06:47:39,128.14,66.62,97.63,CR03,25,2.4,
293,2025-05-20 17:30:44,2025-03-22 21:13:06,278.61,137.5,146.26,CR03,25,1.01,
294,2025-02-16 02:58:15,2025-04-24 08:14:56,260.16,225.05,170.34,CR01,35,2.6,
295,2025-03-28 06:06:57,2025-03-01 17:52:57,261.91,144.46,113.84,CR04,39,1.77,
296,2025-04-29 13:34:51,2025-05-21 20:15:20,242.89,267.24,106.26,CR02,0,0.29,
297,2025-02-25 07:51:37,2025-05-14 14:30:56,270.22,152.22,142.63,CR04,58,9.09,
298,2025-05-27 02:23:49,2025-05-03 04:33:59,251.44,249.99,98.64,CR03,14,0.08,
299,2025-05-26 08:25:58,2025-01-06 04:11:05,200.63,234.6,159.99,CR01,49,7.36,
300,2025-03-29 04:09:21,2025-04-26 21:48:01,123.96,275.44,152.64,CR03,0,1.52,
301,2025-02-15 10:31:57,2025-04-03 03:45:02,272.05,262.37,90.45,CR03,10,9.12,
302,2025-04-14 16:40:20,2025-02-21 13:27:41,260.15,255.55,84.38,CR03,54,8.93,
303,2025-02-16 10:36:21,2025-05-08 07:16:31,168.22,215.59,154.43,CR02,1,6.54,
304,2025-03-02 02:13:29,2025-05-31 17:10:37,59.77,128.08,115.32,CR03,0,6.72,
305,2025-04-02 01:46:16,2025-04-23 07:53:08,209.64,65.47,90.37,CR04,30,0.05,
306,2025-02-07 16:10:51,2025-04-23 03:58:17,62.65,205.27,171.13,CR04,43,9.85,
307,2025-03-13 10:15:47,2025-02-14 04:25:41,281.57,274.88,117.69,CR01,15,8.78,
308,2025-05-12 17:08:20,2025-05-21 01:58:05,290.41,214.39,135.15,CR04,53,8.95,
309,2025-04-21 18:20:49,2025-01-10 23:19:56,97.37,262.9,108.42,CR03,21,6.59,
310,2025-03-27 13:19:57,2025-04-24 07:24:56,219.1,233.03,155.28,CR03,41,3.45,
311,2025-03-31 15:35:04,2025-04-04 07:03:13,73.07,79.15,116.18,CR04,17,8.94,
312,2025-05-30 09:50:36,2025-02-03 02:38:37,232.38,99.81,196.16,CR01,46,2.92,
313,2025-02-24 17:09:05,2025-04-12 19:05:59,136.82,122.05,164.35,CR01,16,5.63,
314,2025-03-16 03:39:16,2025-05-03 03:28:12,220.26,80.38,96.41,CR04,29,1.0,
315,2025-04-08 15:42:54,2025-05-21 00:57:20,143.22,179.6,130.0,CR02,9,9.22,
316,2025-04-13 10:08:26,2025-05-01 08:10:41,86.39,274.11,126.25,CR02,34,1.41,
317,2025-03-23 07:06:03,2025-05-31 09:55:34,151.53,222.75,144.11,CR02,57,2.25,
318,2025-02-01 11:14:44,2025-03-15 19:48:55,78.17,141.61,181.03,CR02,20,5.58,
319,2025-02-08 18:39:31,2025-01-29 16:41:04,194.22,41.08,150.01,CR04,15,7.64,
320,2025-04-28 09:56:09,2025-05-13 04:25:02,60.24,115.19,87.39,CR01,5,6.19,
321,2025-01-27 20:59:02,2025-02-17 00:43:04,181.83,166.42,158.65,CR03,2,2.32,
322,2025-02-18 13:05:57,2025-01-07 03:07:45,271.59,117.82,80.99,CR03,40,0.01,
323,2025-01-11 03:10:31,2025-04-22 04:22:15,259.47,66.65,173.6,CR04,42,7.57,
324,2025-05-05 12:06:39,2025-05-17 00:39:50,270.7,146.26,160.0,CR03,20,9.85,
325,2025-04-04 07:42:53,2025-01-22 08:09:00,280.51,100.78,117.05,CR02,12,8.1,
326,2025-03-14 01:58:25,2025-02-07 01:07:09,76.13,258.22,115.09,CR01,17,4.6,
327,2025-04-18 16:20:49,2025-01-04 16:15:16,82.19,64.42,175.79,CR04,57,9.04,
328,2025-01-20 22:06:10,2025-03-27 15:23:19,189.25,51.8,174.0,CR01,53,4.1,
329,2025-05-19 03:22:07,2025-03-02 21:54:46,273.49,41.28,122.28,CR04,59,5.25,
330,2025-04-11 04:18:43,2025-03-23 07:39:27,293.59,118.74,115.87,CR04,23,4.77,
331,2025-01-25 05:02:25,2025-01-30 09:43:14,61.57,198.49,147.18,CR04,26,4.48,
332,2025-02-25 08:29:23,2025-03-22 04:32:00,138.94,215.3,81.0,CR04,53,7.75,
333,2025-01-17 06:53:11,2025-05-15 01:57:52,103.22,148.78,89.92,CR01,3,5.27,
334,2025-05-29 04:22:55,2025-02-09 14:12:14,238.99,204.24,95.14,CR03,21,3.17,
335,2025-02-01 03:06:34,2025-03-21 16:29:50,210.05,126.38,102.25,CR04,23,2.58,
336,2025-02-22 23:17:58,2025-04-08 10:38:54,79.97,200.27,141.44,CR02,39,0.38,
337,2025-03-29 05:58:45,2025-05-31 11:37:57,170.88,49.74,199.07,CR04,44,5.83,
338,2025-04-10 16:23:49,2025-04-29 17:41:39,221.36,133.78,158.31,CR01,9,2.3,
339,2025-01-29 14:41:40,2025-04-02 13:50:26,244.75,229.8,87.36,CR04,1,1.48,
340,2025-03-26 22:46:11,2025-05-23 21:15:00,55.01,232.72,143.07,CR02,39,6.54,
341,2025-01-18 19:24:58,2025-05-22 05:56:22,272.62,211.88,139.6,CR01,5,6.81,
342,2025-02-13 02:46:19,2025-01-13 02:15:06,192.32,89.02,97.3,CR04,47,7.52,
343,2025-03-29 14:24:31,2025-05-18 01:09:03,252.98,99.33,190.43,CR02,17,5.04,
344,2025-03-09 21:11:04,2025-01-27 19:30:39,251.98,279.06,132.89,CR01,16,8.94,
345,2025-01-06 04:17:31,2025-04-11 17:14:20,97.46,64.81,199.35,CR04,37,9.36,
346,2025-03-22 13:33:35,2025-02-10 06:16:56,77.54,83.36,130.41,CR02,44,8.07,
347,2025-01-11 08:11:42,2025-04-19 21:55:18,230.32,71.21,152.95,CR01,22,6.36,
348,2025-03-18 23:36:33,2025-03-05 02:50:26,89.11,118.64,92.57,CR04,45,3.04,
349,2025-04-08 11:31:21,2025-05-09 14:12:02,262.48,90.44,134.51,CR01,29,9.83,
350,2025-03-14 14:47:12,2025-04-03 21:22:13,231.55,159.45,108.65,CR02,57,2.74,
351,2025-02-15 18:48:19,2025-04-13 00:54:03,260.46,154.24,180.27,CR04,20,2.03,
352,2025-03-16 23:39:52,2025-03-15 04:07:50,124.75,256.36,174.07,CR04,9,4.42,
353,2025-01-16 20:18:32,2025-03-02 22:11:35,129.15,48.34,178.9,CR04,55,0.57,
354,2025-03-14 19:13:10,2025-02-03 15:05:18,217.81,116.77,166.83,CR02,42,9.78,
355,2025-02-13 14:25:35,2025-03-31 06:11:14,57.86,183.2,179.92,CR03,12,5.88,
356,2025-01-06 11:21:48,2025-04-14 12:33:07,231.62,185.15,104.1,CR04,11,5.57,
357,2025-03-03 21:10:44,2025-03-08 11:21:34,258.95,155.23,134.25,CR02,8,6.56,
358,2025-01-20 05:45:38,2025-04-17 01:49:03,153.79,235.76,163.02,CR01,3,4.97,
359,2025-05-19 18:45:47,2025-03-10 19:05:49,241.22,55.05,156.49,CR01,38,0.32,
360,2025-05-07 05:02:10,2025-05-12 05:46:33,93.65,235.72,165.96,CR02,23,6.12,
361,2025-03-07 02:33:58,2025-05-30 21:43:59,130.57,158.74,106.91,CR03,53,7.16,
362,2025-01-29 08:38:20,2025-05-20 23:45:07,293.58,72.1,91.81,CR02,33,4.17,
363,2025-01-27 17:15:38,2025-05-13 04:30:20,296.58,252.57,190.02,CR01,38,7.57,
364,2025-01-08 10:30:20,2025-05-05 22:02:15,178.15,195.81,147.22,CR01,40,2.27,
365,2025-02-25 16:57:17,2025-05-15 15:04:27,283.57,79.25,98.46,CR04,4,2.21,
366,2025-04-02 17:47:58,2025-02-21 08:01:01,180.68,48.08,175.21,CR03,14,1.61,
367,2025-05-16 03:55:50,2025-04-29 11:09:46,122.9,73.87,189.79,CR02,49,3.72,
368,2025-01-27 22:49:14,2025-04-05 00:26:34,116.72,186.11,100.35,CR01,3,8.47,
369,2025-05-28 08:27:21,2025-02-07 08:00:57,282.38,83.03,178.09,CR01,50,8.28,
370,2025-05-18 00:02:12,2025-02-17 20:51:44,93.11,94.18,191.99,CR01,51,3.83,
371,2025-04-02 02:12:41,2025-02-24 04:15:50,194.91,46.03,192.6,CR02,57,5.89,
372,2025-03-29 02:38:03,2025-04-19 08:52:20,188.88,213.5,189.7,CR02,38,7.21,
373,2025-04-30 11:43:50,2025-02-27 23:06:24,234.91,234.49,145.57,CR03,57,2.41,
374,2025-01-02 00:28:20,2025-02-13 15:57:22,174.81,231.24,122.75,CR04,7,1.68,
375,2025-01-16 09:13:07,2025-02-27 18:59:03,118.07,70.62,80.87,CR04,48,9.72,
376,2025-01-04 16:33:52,2025-05-30 17:55:57,92.35,256.79,87.31,CR04,44,6.18,
377,2025-02-19 16:41:31,2025-02-26 02:51:24,205.2,201.35,131.46,CR01,23,9.81,
378,2025-02-11 21:01:26,2025-05-17 21:04:35,229.75,255.41,127.92,CR04,52,3.38,
379,2025-01-30 00:48:42,2025-02-10 05:59:04,192.38,147.32,102.17,CR01,27,7.03,
380,2025-04-17 13:36:47,2025-05-15 00:45:04,234.59,144.87,127.46,CR03,54,2.23,
381,2025-05-22 05:09:35,2025-05-17 21:29:00,85.38,228.29,100.96,CR01,42,2.61,
382,2025-04-29 05:35:12,2025-04-05 22:55:10,270.62,62.39,181.85,CR03,26,5.12,
383,2025-04-13 11:35:36,2025-03-03 13:31:01,195.6,165.01,115.78,CR03,0,3.2,
384,2025-03-24 04:30:36,2025-04-04 04:02:45,81.71,240.73,151.83,CR04,33,1.68,
385,2025-01-22 14:10:05,2025-03-09 17:32:26,165.48,239.25,140.34,CR04,16,2.63,
386,2025-05-31 17:13:35,2025-04-19 20:03:41,261.2,269.47,86.23,CR01,36,0.36,
387,2025-02-25 22:39:02,2025-05-21 03:11:59,274.39,207.59,193.07,CR02,37,7.04,
388,2025-02-16 03:29:01,2025-02-23 02:24:16,116.16,89.86,143.27,CR04,25,4.92,
389,2025-02-28 11:27:58,2025-02-25 21:11:44,227.82,44.87,119.01,CR04,56,0.94,
390,2025-01-24 15:51:16,2025-01-24 15:58:28,75.0,155.06,98.98,CR02,23,1.72,
391,2025-01-10 06:31:42,2025-04-22 08:35:44,58.39,163.29,120.62,CR02,38,1.03,
392,2025-02-16 07:12:31,2025-05-12 09:17:17,190.1,97.66,82.46,CR04,59,6.13,
393,2025-03-23 12:31:43,2025-04-16 11:27:10,223.71,69.93,123.63,CR02,20,0.94,
394,2025-05-05 01:43:51,2025-03-15 17:30:11,248.95,180.69,143.78,CR01,29,7.54,
395,2025-05-01 22:30:27,2025-03-18 14:39:16,135.05,223.42,184.62,CR03,46,0.21,
396,2025-03-30 18:18:13,2025-03-09 00:26:38,51.63,278.36,162.48,CR03,50,2.49,
397,2025-01-13 04:42:09,2025-05-31 02:44:27,169.88,221.99,93.39,CR04,47,8.91,
398,2025-01-22 12:38:06,2025-01-29 10:37:41,53.96,230.47,97.73,CR04,56,7.19,
399,2025-04-08 01:22:22,2025-02-26 09:36:26,73.0,187.95,131.37,CR01,12,0.73,
400,2025-04-26 21:00:19,2025-01-09 04:02:38,131.67,276.62,103.48,CR02,36,8.21,
401,2025-04-15 02:11:30,2025-02-25 20:27:16,159.29,193.59,83.34,CR04,2,4.93,
402,2025-01-04 04:35:39,2025-05-19 16:08:22,119.87,246.46,176.6,CR03,31,8.47,
403,2025-05-03 17:07:24,2025-01-16 08:18:13,195.47,266.99,82.34,CR01,34,6.01,
404,2025-04-11 01:49:29,2025-03-09 06:10:15,63.84,263.17,179.68,CR01,18,6.82,
405,2025-04-22 15:54:55,2025-03-27 21:37:19,86.14,131.54,97.29,CR02,13,9.94,
406,2025-02-16 23:30:48,2025-05-08 09:03:04,223.81,58.88,196.96,CR04,47,2.32,
407,2025-05-20 12:39:33,2025-02-19 19:06:55,85.54,81.25,152.46,CR04,21,6.24,
408,2025-01-28 21:06:59,2025-05-26 02:50:59,209.94,54.21,168.2,CR01,16,4.6,
409,2025-02-26 13:25:33,2025-04-04 00:40:16,63.67,65.3,93.26,CR03,58,0.39,
410,2025-03-25 08:23:53,2025-02-11 13:15:02,151.85,84.32,183.45,CR04,3,0.14,
411,2025-01-01 07:17:25,2025-02-09 05:42:18,94.35,121.86,180.7,CR03,44,1.19,
412,2025-04-30 09:13:13,2025-04-15 13:57:18,77.41,170.45,158.36,CR01,39,6.49,
413,2025-03-10 12:14:30,2025-02-22 15:34:12,191.76,210.8,140.27,CR04,18,5.67,
414,2025-02-16 17:06:38,2025-04-20 03:11:37,282.08,90.62,166.58,CR03,36,5.53,
415,2025-04-21 19:29:08,2025-05-16 04:23:36,63.7,201.41,80.71,CR01,1,0.32,
416,2025-03-22 21:20:44,2025-02-22 17:50:52,155.39,209.02,151.09,CR03,14,4.69,
417,2025-02-06 08:56:45,2025-01-27 15:44:18,226.88,174.07,181.69,CR04,1,9.25,
418,2025-05-10 00:11:40,2025-01-22 05:01:57,165.67,256.87,122.83,CR02,10,3.98,
419,2025-05-10 18:06:25,2025-04-30 13:15:46,251.62,66.64,92.99,CR03,44,6.25,
420,2025-01-17 14:59:23,2025-05-24 20:48:07,94.91,82.51,130.51,CR02,22,7.8,
421,2025-04-12 15:36:53,2025-04-24 22:49:42,289.9,142.88,167.25,CR04,9,7.84,
422,2025-03-12 00:32:07,2025-02-16 11:08:06,146.29,70.41,92.88,CR02,2,5.19,
423,2025-01-14 03:24:30,2025-02-17 01:56:10,135.39,175.91,104.73,CR01,4,8.58,
424,2025-04-13 03:36:52,2025-01-10 20:35:02,268.65,135.62,97.71,CR02,2,3.91,
425,2025-04-16 15:36:20,2025-05-11 01:39:09,190.97,108.3,175.63,CR03,37,8.89,
426,2025-04-09 12:19:06,2025-04-14 02:49:57,179.11,80.8,87.55,CR03,12,2.4,
427,2025-04-09 13:41:33,2025-02-13 19:42:21,231.74,120.48,162.39,CR02,41,2.8,
428,2025-04-18 14:32:07,2025-05-04 21:02:13,194.96,185.91,123.97,CR01,18,0.53,
429,2025-01-04 22:45:53,2025-02-15 05:05:49,90.63,178.19,170.69,CR04,39,7.96,
430,2025-03-17 19:38:46,2025-01-11 04:37:34,218.55,79.27,195.73,CR02,49,4.17,
431,2025-04-02 06:59:17,2025-01-20 10:57:22,83.37,69.98,93.75,CR03,34,2.29,
432,2025-01-09 10:53:06,2025-03-22 06:07:26,251.46,46.4,117.73,CR03,23,2.32,
433,2025-05-04 10:26:26,2025-03-06 03:16:47,297.43,42.98,177.22,CR02,23,9.01,
434,2025-03-17 02:59:51,2025-05-20 07:07:51,144.35,251.15,111.94,CR02,16,8.34,
435,2025-03-14 11:42:54,2025-04-02 17:33:42,161.19,50.82,105.81,CR02,39,5.54,
436,2025-02-19 06:05:45,2025-01-20 12:34:23,61.61,215.49,179.05,CR04,9,6.16,
437,2025-05-26 02:44:51,2025-05-13 06:35:05,53.43,249.28,198.45,CR03,1,4.74,
438,2025-01-04 03:41:39,2025-05-30 16:01:48,280.35,63.53,146.83,CR03,43,3.92,
439,2025-03-11 08:10:41,2025-01-27 16:38:34,82.16,144.71,113.37,CR03,22,9.15,
440,2025-01-14 02:51:01,2025-01-02 00:08:50,161.44,270.95,127.83,CR04,5,1.26,
441,2025-03-08 22:53:45,2025-04-17 20:49:43,253.84,240.19,100.42,CR01,1,4.18,
442,2025-02-16 19:43:41,2025-01-31 16:03:31,272.33,157.53,171.43,CR03,20,3.45,
443,2025-05-23 07:45:09,2025-03-21 00:19:34,179.85,223.02,172.82,CR03,54,4.98,
444,2025-05-08 14:19:42,2025-05-07 18:42:03,191.26,240.01,185.01,CR01,55,4.58,
445,2025-05-02 23:53:22,2025-04-03 08:55:15,217.42,123.53,83.19,CR04,34,5.19,
446,2025-01-21 03:06:31,2025-04-03 17:04:16,290.35,254.12,147.44,CR01,48,1.4,
447,2025-05-30 19:27:25,2025-05-07 07:43:48,200.67,152.91,105.71,CR01,28,5.13,
448,2025-04-23 23:51:57,2025-02-08 17:31:55,189.87,166.67,120.91,CR01,6,2.42,
449,2025-05-23 18:13:10,2025-05-27 18:48:03,53.63,279.93,174.19,CR01,28,1.84,
450,2025-05-27 22:22:45,2025-02-25 18:39:32,70.24,242.39,103.04,CR04,52,0.65,
451,2025-03-06 13:38:56,2025-03-04 08:44:59,194.29,126.82,156.6,CR04,36,7.63,
452,2025-01-26 21:44:01,2025-02-25 10:07:54,284.06,42.48,158.55,CR01,22,4.27,
453,2025-01-09 14:37:09,2025-05-06 10:06:08,266.67,190.28,194.49,CR02,32,6.27,
454,2025-03-10 09:49:57,2025-01-12 11:43:03,295.64,208.94,173.02,CR02,7,7.28,
455,2025-04-17 00:36:30,2025-05-30 06:31:05,181.96,196.19,176.44,CR02,11,6.79,
456,2025-03-07 17:44:40,2025-01-18 08:55:01,246.98,272.29,143.79,CR02,45,4.71,
457,2025-05-05 19:38:40,2025-05-07 15:55:56,260.1,247.11,102.41,CR03,47,3.88,
458,2025-02-03 23:58:28,2025-04-22 11:39:19,212.01,147.72,131.07,CR04,9,3.76,
459,2025-05-13 22:51:07,2025-02-15 02:13:28,134.69,55.09,145.94,CR04,14,6.4,
460,2025-04-01 05:17:58,2025-04-14 21:59:25,167.49,154.25,161.41,CR01,52,4.95,
461,2025-05-16 00:44:55,2025-05-24 10:31:43,264.48,205.42,152.93,CR03,23,8.49,
462,2025-04-03 22:07:00,2025-05-21 09:58:21,124.64,185.85,127.28,CR01,25,8.75,
463,2025-05-03 16:06:08,2025-01-08 05:49:20,280.94,169.15,111.84,CR01,46,1.71,
464,2025-02-05 09:28:37,2025-02-03 23:51:39,107.45,152.52,100.19,CR04,41,1.36,
465,2025-01-27 04:27:30,2025-03-23 03:29:06,237.38,110.5,163.26,CR03,52,6.3,
466,2025-01-13 06:04:11,2025-02-04 03:14:05,207.64,106.56,157.45,CR02,59,3.01,
467,2025-05-20 01:00:42,2025-01-08 01:21:21,237.4,160.06,162.48,CR04,38,0.19,
468,2025-05-31 17:18:33,2025-03-19 02:07:43,159.34,78.54,124.7,CR03,57,8.89,
469,2025-03-30 20:56:29,2025-04-07 04:39:22,283.16,121.76,111.49,CR03,2,2.27,
470,2025-01-08 04:21:25,2025-02-06 04:16:30,208.12,117.76,171.17,CR04,1,9.29,
471,2025-02-26 23:32:29,2025-05-26 10:36:28,122.07,180.91,172.84,CR04,5,7.17,
472,2025-02-09 03:28:55,2025-02-26 05:00:49,209.61,56.0,134.67,CR01,20,7.63,
473,2025-01-09 12:09:07,2025-01-08 06:36:18,121.7,239.12,153.43,CR01,8,2.01,
474,2025-02-08 17:35:48,2025-01-02 19:11:17,123.41,174.97,124.82,CR01,9,2.34,
475,2025-01-09 03:17:45,2025-02-27 22:36:30,149.9,201.0,164.23,CR02,35,5.21,
476,2025-03-03 06:46:59,2025-04-21 06:53:38,263.11,208.74,180.29,CR04,58,1.72,
477,2025-03-02 05:03:30,2025-04-28 01:10:20,175.07,109.96,162.59,CR03,2,3.05,
478,2025-04-11 01:51:41,2025-01-21 20:03:26,219.73,152.89,141.51,CR04,40,3.21,
479,2025-03-19 07:51:30,2025-03-07 01:24:33,147.99,269.5,135.04,CR03,23,1.6,
480,2025-04-16 10:42:23,2025-02-25 06:09:12,115.9,224.01,157.08,CR02,21,2.05,
481,2025-04-02 22:12:10,2025-03-30 05:25:12,288.66,272.69,161.58,CR04,48,7.89,
482,2025-02-19 04:31:39,2025-05-05 12:43:56,200.9,219.1,147.05,CR03,13,1.67,
483,2025-01-08 02:39:54,2025-04-16 11:57:49,283.49,82.14,154.99,CR03,41,0.28,
484,2025-05-27 06:35:24,2025-04-12 19:30:05,100.85,55.49,91.59,CR01,44,6.29,
485,2025-05-06 14:46:29,2025-04-06 21:47:55,86.72,178.64,194.21,CR02,43,9.76,
486,2025-02-07 02:36:23,2025-01-27 01:25:01,263.96,125.88,174.89,CR04,26,3.31,
487,2025-02-25 13:22:24,2025-04-08 21:48:04,220.23,106.11,124.87,CR01,32,1.19,
488,2025-03-11 07:37:12,2025-04-01 21:08:05,96.64,233.73,147.54,CR02,59,5.7,
489,2025-01-10 06:46:58,2025-02-22 23:30:46,117.34,128.08,85.68,CR01,21,9.06,
490,2025-05-08 07:55:46,2025-02-07 10:33:58,250.17,116.08,84.95,CR04,28,7.84,
491,2025-03-06 10:52:52,2025-01-22 20:58:19,163.47,244.0,110.1,CR03,18,6.23,
492,2025-02-23 01:16:54,2025-03-06 05:05:58,217.64,243.11,162.76,CR04,18,3.15,
493,2025-01-25 04:05:44,2025-02-01 13:16:41,129.59,125.53,182.26,CR02,5,5.42,
494,2025-03-13 11:05:37,2025-05-22 23:15:45,145.31,239.8,147.1,CR04,44,0.91,
495,2025-03-26 20:20:27,2025-03-31 02:41:47,297.68,244.19,143.86,CR02,18,6.79,
496,2025-03-19 16:14:11,2025-05-06 21:13:43,111.9,141.74,128.28,CR01,12,7.25,
497,2025-05-25 08:03:53,2025-02-19 22:56:28,176.61,55.95,99.39,CR02,58,9.65,
498,2025-03-27 09:19:16,2025-05-20 12:54:36,261.1,40.38,94.2,CR03,25,2.6,
499,2025-03-17 01:53:42,2025-02-06 03:45:02,109.81,165.59,171.28,CR03,21,0.18,
500,2025-03-07 20:01:30,2025-01-03 17:38:13,153.8,122.58,191.3,CR03,20,5.46,
501,2025-02-06 06:37:52,2025-05-24 00:53:17,203.77,279.31,134.99,CR01,35,7.07,
502,2025-04-07 08:28:28,2025-03-07 11:03:23,170.3,225.38,159.13,CR02,55,7.9,
503,2025-05-15 09:16:22,2025-02-27 06:54:45,164.88,222.71,189.73,CR01,1,1.94,
504,2025-04-07 14:37:37,2025-04-21 06:03:08,140.63,269.26,90.81,CR04,46,2.62,
505,2025-03-13 07:57:38,2025-05-11 22:56:13,196.66,253.05,172.46,CR04,43,5.13,
506,2025-04-11 20:00:03,2025-05-28 01:11:36,206.09,116.36,154.02,CR04,29,3.31,
507,2025-02-21 19:00:30,2025-02-07 12:11:48,213.32,79.84,151.84,CR04,26,8.61,
508,2025-01-17 00:59:51,2025-02-04 01:51:56,67.59,219.01,115.1,CR03,6,4.74,
509,2025-05-22 04:26:40,2025-04-29 15:15:15,207.76,130.79,162.07,CR02,19,8.0,
510,2025-03-24 10:18:42,2025-05-05 00:40:40,288.31,153.56,175.38,CR03,49,5.81,
511,2025-01-16 07:49:35,2025-03-20 17:43:19,185.25,191.3,93.54,CR02,30,7.73,
512,2025-03-25 14:46:29,2025-03-25 01:14:29,228.82,257.89,144.02,CR02,22,3.33,
513,2025-04-27 23:38:09,2025-04-11 01:22:54,189.18,140.58,92.15,CR01,12,8.31,
514,2025-02-05 00:59:17,2025-03-05 16:14:56,263.69,228.0,184.71,CR04,16,2.75,
515,2025-04-16 22:05:41,2025-01-17 20:13:38,282.4,104.4,140.92,CR02,3,5.46,
516,2025-02-27 01:03:02,2025-03-19 20:01:05,96.05,207.51,176.96,CR04,56,2.14,
517,2025-03-04 08:57:13,2025-05-10 22:57:30,159.22,40.38,124.17,CR04,13,4.76,
518,2025-01-20 22:08:27,2025-01-19 12:31:36,148.1,249.16,95.01,CR04,19,3.18,
519,2025-01-16 13:08:53,2025-02-05 21:08:34,151.3,47.29,84.98,CR03,59,2.67,
520,2025-03-05 16:13:03,2025-01-28 07:17:55,81.38,211.06,113.78,CR04,12,9.67,
521,2025-05-09 08:06:24,2025-04-03 17:05:50,253.4,51.1,109.31,CR02,2,1.6,
522,2025-02-27 09:46:55,2025-03-04 20:05:35,58.94,103.9,147.24,CR03,25,7.87,
523,2025-03-01 12:22:27,2025-02-18 03:58:59,182.06,159.33,82.61,CR04,25,9.84,
524,2025-03-28 14:07:05,2025-01-02 07:49:50,215.47,140.79,142.47,CR01,17,0.2,
525,2025-04-28 00:25:13,2025-02-20 15:20:50,101.87,86.04,127.01,CR04,31,6.99,
526,2025-05-20 08:33:05,2025-03-16 11:35:10,276.46,120.12,149.25,CR04,13,2.53,
527,2025-03-24 17:50:41,2025-02-15 17:36:30,259.64,214.65,164.29,CR03,46,0.4,
528,2025-02-02 08:37:15,2025-03-28 17:56:18,167.77,200.62,156.09,CR02,2,4.03,
529,2025-05-14 22:32:13,2025-05-27 08:45:38,152.79,57.24,198.16,CR04,0,9.35,
530,2025-03-28 04:45:46,2025-02-21 20:17:01,109.14,219.36,96.59,CR03,25,0.12,
531,2025-03-10 06:19:39,2025-03-06 00:09:54,232.5,52.73,131.57,CR03,23,5.88,
532,2025-03-28 19:46:30,2025-02-28 15:10:10,82.94,170.3,130.98,CR02,48,5.01,
533,2025-01-09 05:23:21,2025-04-24 02:27:49,220.06,102.42,130.05,CR03,34,8.73,
534,2025-05-22 03:12:02,2025-05-21 08:52:36,260.61,181.05,159.66,CR02,13,0.84,
535,2025-03-10 11:02:43,2025-04-22 05:48:07,107.12,102.72,138.78,CR01,2,6.82,
536,2025-04-30 09:24:56,2025-01-03 05:17:39,266.61,276.39,142.09,CR04,12,6.8,
537,2025-03-26 10:58:10,2025-02-20 18:55:33,58.33,114.33,131.88,CR03,46,6.69,
538,2025-02-23 07:31:14,2025-05-07 22:23:07,278.2,98.07,199.0,CR01,49,9.42,
539,2025-05-05 04:08:34,2025-03-11 19:38:03,79.59,106.83,191.31,CR03,13,8.23,
540,2025-01-12 03:18:28,2025-05-15 12:32:08,211.44,255.15,116.93,CR03,20,0.42,
541,2025-01-15 13:43:01,2025-02-15 21:14:59,112.52,192.69,93.39,CR01,25,4.71,
542,2025-05-11 07:56:37,2025-01-13 01:31:13,259.14,215.36,180.77,CR03,2,3.98,
543,2025-05-04 19:01:25,2025-05-10 16:06:31,178.08,260.32,199.66,CR03,50,3.1,
544,2025-03-20 21:04:36,2025-01-23 22:58:03,83.81,258.85,115.11,CR01,39,4.51,
545,2025-03-12 13:09:09,2025-04-01 08:53:52,192.75,217.35,122.93,CR03,3,3.84,
546,2025-04-10 15:09:14,2025-03-01 13:49:16,151.97,87.48,193.0,CR02,35,4.32,
547,2025-05-26 14:46:40,2025-02-01 00:20:03,215.36,242.41,165.34,CR03,50,9.79,
548,2025-05-12 22:16:58,2025-03-20 17:22:42,270.48,88.91,115.48,CR04,42,0.89,
549,2025-02-01 01:35:31,2025-05-14 05:20:05,152.35,218.3,149.73,CR03,0,9.22,
550,2025-01-07 01:07:32,2025-04-08 13:54:54,122.47,204.54,193.31,CR04,39,4.8,
551,2025-01-28 17:24:01,2025-05-17 14:48:48,53.63,222.13,177.42,CR04,46,6.24,
552,2025-04-28 23:29:41,2025-05-30 11:43:09,193.71,167.84,169.02,CR03,32,8.3,
553,2025-05-12 16:07:23,2025-03-02 09:15:44,150.57,193.29,168.44,CR01,6,3.6,
554,2025-03-27 02:02:00,2025-05-15 00:59:10,143.66,268.8,101.36,CR02,52,4.3,
555,2025-01-07 18:10:29,2025-01-23 19:11:49,95.73,64.26,178.96,CR02,51,4.1,
556,2025-01-25 12:16:28,2025-05-05 00:36:37,157.51,114.12,113.13,CR03,51,3.75,
557,2025-01-14 01:19:48,2025-02-27 06:58:29,296.11,186.73,191.64,CR01,55,9.26,
558,2025-02-15 19:49:05,2025-03-13 08:52:43,124.44,271.37,123.76,CR01,10,8.29,
559,2025-05-06 06:40:36,2025-04-30 08:21:43,199.93,62.94,182.92,CR02,26,1.09,
560,2025-03-13 03:12:51,2025-02-12 21:13:55,244.12,45.41,111.95,CR01,13,1.08,
561,2025-03-12 07:44:38,2025-02-12 13:12:47,237.29,53.38,141.74,CR03,21,4.28,
562,2025-03-16 08:13:50,2025-01-26 22:28:32,132.19,52.58,92.83,CR03,15,0.99,
563,2025-04-21 03:33:05,2025-04-03 20:29:21,202.72,257.88,159.21,CR01,45,6.19,
564,2025-01-07 06:55:35,2025-01-30 17:53:47,267.82,213.1,180.33,CR03,11,1.44,
565,2025-04-28 11:56:46,2025-03-30 08:21:15,53.86,202.51,166.21,CR04,48,5.22,
566,2025-01-30 19:04:25,2025-05-26 04:41:48,158.93,165.42,142.79,CR02,45,0.07,
567,2025-05-12 20:39:30,2025-04-28 14:56:53,106.07,227.67,85.41,CR03,9,3.17,
568,2025-03-29 08:47:28,2025-03-14 13:13:04,147.16,77.36,192.01,CR01,23,6.77,
569,2025-03-14 00:49:11,2025-03-22 17:58:51,154.0,134.07,164.66,CR02,45,4.84,
570,2025-03-14 05:42:28,2025-05-17 07:16:51,236.67,157.6,169.5,CR03,17,9.78,
571,2025-03-28 04:54:25,2025-04-17 15:37:05,73.46,66.5,175.36,CR02,21,8.74,
572,2025-05-29 04:13:53,2025-04-02 10:13:04,178.15,140.68,169.73,CR01,8,3.59,
573,2025-01-15 22:18:43,2025-05-28 01:30:33,191.05,115.96,132.93,CR04,16,0.45,
574,2025-04-22 10:40:09,2025-04-15 09:00:50,173.54,48.54,168.03,CR04,37,8.46,
575,2025-01-27 17:42:20,2025-05-09 22:54:15,232.97,72.82,155.0,CR03,39,9.11,
576,2025-04-13 19:27:42,2025-02-12 09:52:18,145.95,223.37,182.48,CR04,57,8.21,
577,2025-03-13 06:06:38,2025-05-28 22:31:23,286.24,44.33,176.3,CR03,12,1.28,
578,2025-03-19 06:58:23,2025-02-18 01:16:20,170.45,264.22,84.96,CR02,49,9.98,
579,2025-03-03 01:08:32,2025-05-13 02:37:23,192.8,60.74,125.47,CR03,36,2.59,
580,2025-05-07 03:10:20,2025-05-27 13:20:28,256.38,231.82,84.17,CR03,5,7.24,
581,2025-02-24 02:47:18,2025-04-26 16:41:47,118.81,255.67,92.25,CR03,20,9.08,
582,2025-02-18 11:16:28,2025-01-16 21:32:35,68.8,265.87,152.17,CR04,50,2.36,
583,2025-01-23 00:42:31,2025-04-13 01:02:18,226.95,248.19,184.86,CR03,35,9.08,
584,2025-01-06 00:45:53,2025-03-28 17:59:47,170.75,109.01,94.38,CR01,6,3.09,
585,2025-05-23 20:29:36,2025-04-13 13:27:54,274.13,119.94,134.13,CR03,35,9.76,
586,2025-02-06 03:02:48,2025-05-17 15:47:16,295.67,142.37,189.31,CR02,24,2.81,
587,2025-04-07 21:42:48,2025-03-12 06:02:22,149.78,73.43,177.72,CR01,10,9.53,
588,2025-04-11 12:52:04,2025-01-16 03:59:06,153.86,45.35,142.36,CR02,43,0.54,
589,2025-03-17 03:29:30,2025-04-20 13:13:00,151.99,248.59,172.59,CR02,13,7.09,
590,2025-04-20 01:35:04,2025-01-22 18:55:51,131.14,172.99,142.72,CR02,44,5.32,
591,2025-01-23 20:48:21,2025-01-12 23:48:48,245.42,186.09,98.97,CR01,28,4.78,
592,2025-02-20 19:58:03,2025-04-17 08:13:49,239.75,262.48,94.97,CR01,9,2.23,
593,2025-05-31 11:35:46,2025-04-09 03:44:25,169.66,199.63,102.6,CR04,49,7.06,
594,2025-02-20 13:02:17,2025-02-09 06:07:07,61.17,205.8,122.11,CR01,47,1.91,
595,2025-05-17 17:03:14,2025-04-22 04:58:59,127.39,228.87,191.66,CR03,4,5.53,
596,2025-03-28 15:47:00,2025-04-15 05:01:03,123.08,67.92,175.96,CR02,7,2.53,
597,2025-02-11 15:58:14,2025-01-30 02:21:45,252.77,126.44,131.94,CR04,45,9.56,
598,2025-04-29 19:33:15,2025-02-01 22:47:55,71.89,272.37,139.17,CR01,4,0.29,
599,2025-02-25 10:53:04,2025-03-05 17:08:20,251.42,261.5,111.87,CR02,57,2.0,
600,2025-05-15 18:11:03,2025-04-12 00:58:02,217.3,252.18,164.52,CR01,59,2.42,
