id_trip,date_time_start,date_time_end,truck_id,driver_id,from_location,to_location,distance_km,duration_min,payload_ton,trip_status,fuel_liter,note
1,2025-03-03 21:19:42,2025-03-03 21:45:42,EQ011,OP006,PIT01,STK02,7.16,26,101.37,complete,10.63,
2,2025-01-19 01:53:57,2025-01-19 02:24:57,EQ014,OP021,PIT04,STK08,1.74,31,87.34,complete,36.14,
3,2025-01-20 15:53:44,2025-01-20 16:24:44,EQ014,OP023,PIT08,STK04,4.66,31,102.39,complete,37.4,
4,2025-05-09 06:36:33,2025-05-09 07:04:33,EQ004,OP002,PIT01,STK05,3.45,28,46.29,complete,24.24,
5,2025-01-11 14:00:39,2025-01-11 14:33:39,EQ003,OP010,PIT01,CRUSHER,6.68,33,115.32,complete,26.88,
6,2025-01-19 19:59:30,2025-01-19 20:10:30,EQ010,OP003,PIT05,STK04,4.05,11,76.28,complete,9.04,
7,2025-04-02 10:45:36,2025-04-02 11:26:36,EQ018,OP013,PIT04,STK05,1.89,41,57.45,complete,35.99,
8,2025-03-28 13:27:48,2025-03-28 13:39:48,EQ015,OP009,PIT01,CRUSHER,2.2,12,162.17,complete,14.4,
9,2025-05-27 01:40:11,2025-05-27 02:34:11,EQ012,OP026,PIT02,STK02,4.56,54,55.34,complete,38.97,
10,2025-04-18 11:58:18,2025-04-18 12:11:18,EQ018,OP022,PIT07,CRUSHER,7.0,13,151.23,complete,21.62,
11,2025-04-03 11:32:35,2025-04-03 12:01:35,EQ002,OP017,PIT07,CRUSHER,4.78,29,36.53,complete,23.09,
12,2025-05-01 10:40:56,2025-05-01 10:59:56,EQ006,OP006,PIT06,CRUSHER,7.79,19,198.1,complete,33.3,
13,2025-03-24 05:04:12,2025-03-24 05:19:12,EQ005,OP027,PIT06,STK07,4.96,15,141.59,complete,16.19,
14,2025-01-14 00:17:54,2025-01-14 00:32:54,EQ018,OP011,PIT02,CRUSHER,6.92,15,211.72,complete,23.19,
15,2025-01-03 09:37:10,2025-01-03 10:37:10,EQ004,OP014,PIT04,CRUSHER,1.62,60,202.14,complete,24.83,
16,2025-01-20 10:59:04,2025-01-20 11:15:04,EQ018,OP029,PIT01,CRUSHER,3.08,16,156.3,complete,19.38,
17,2025-04-05 06:59:20,2025-04-05 07:45:20,EQ006,OP009,PIT05,STK08,3.52,46,46.85,complete,26.64,
18,2025-03-20 00:09:01,2025-03-20 00:21:01,EQ008,OP002,PIT04,CRUSHER,6.09,12,78.55,complete,37.23,
19,2025-01-04 22:17:31,2025-01-04 22:48:31,EQ009,OP027,PIT08,CRUSHER,4.19,31,187.02,complete,29.37,
20,2025-02-14 06:21:30,2025-02-14 06:39:30,EQ011,OP009,PIT01,CRUSHER,5.97,18,173.68,complete,26.17,
21,2025-03-27 18:32:54,2025-03-27 18:55:54,EQ017,OP028,PIT07,CRUSHER,3.3,23,56.17,complete,6.97,
22,2025-01-13 17:47:50,2025-01-13 18:16:50,EQ005,OP025,PIT01,CRUSHER,6.88,29,195.19,complete,35.78,
23,2025-02-07 10:20:33,2025-02-07 10:42:33,EQ002,OP015,PIT05,STK01,0.88,22,102.92,complete,17.61,
24,2025-03-13 12:38:39,2025-03-13 13:17:39,EQ004,OP022,PIT02,CRUSHER,0.73,39,148.73,complete,18.04,
25,2025-02-04 11:35:59,2025-02-04 12:15:59,EQ012,OP006,PIT03,CRUSHER,6.78,40,205.49,complete,14.05,
26,2025-01-18 13:15:24,2025-01-18 13:43:24,EQ002,OP006,PIT03,CRUSHER,6.9,28,191.52,complete,32.29,
27,2025-02-12 23:34:14,2025-02-13 00:25:14,EQ009,OP021,PIT04,STK04,3.57,51,170.17,complete,5.7,
28,2025-05-30 01:08:53,2025-05-30 02:01:53,EQ005,OP021,PIT08,CRUSHER,1.8,53,99.27,complete,33.03,
29,2025-04-29 03:05:16,2025-04-29 03:34:16,EQ013,OP028,PIT04,CRUSHER,3.12,29,90.02,complete,13.82,
30,2025-05-12 11:57:46,2025-05-12 12:40:46,EQ001,OP017,PIT05,STK07,8.0,43,184.13,complete,38.83,
31,2025-04-20 00:34:47,2025-04-20 01:25:47,EQ004,OP016,PIT02,CRUSHER,0.98,51,90.17,complete,39.59,
32,2025-02-23 18:22:38,2025-02-23 18:48:38,EQ005,OP017,PIT07,STK05,6.24,26,35.72,complete,36.49,
33,2025-04-27 12:21:28,2025-04-27 12:56:28,EQ001,OP021,PIT04,STK06,4.23,35,50.32,complete,15.35,
34,2025-03-20 13:34:03,2025-03-20 14:08:03,EQ011,OP024,PIT04,STK01,5.85,34,125.49,complete,29.02,
35,2025-04-03 09:05:12,2025-04-03 09:57:12,EQ006,OP027,PIT06,CRUSHER,5.43,52,196.4,complete,24.54,
36,2025-04-02 09:59:52,2025-04-02 10:17:52,EQ011,OP021,PIT07,STK05,1.17,18,118.47,complete,17.43,
37,2025-03-01 15:07:15,2025-03-01 15:43:15,EQ009,OP019,PIT07,CRUSHER,2.71,36,52.26,complete,34.79,
38,2025-05-04 04:30:11,2025-05-04 05:17:11,EQ007,OP017,PIT05,CRUSHER,1.4,47,101.6,complete,28.82,
39,2025-03-22 05:13:09,2025-03-22 05:26:09,EQ007,OP011,PIT08,STK03,3.57,13,138.27,complete,24.93,
40,2025-03-30 20:26:14,2025-03-30 20:45:14,EQ003,OP016,PIT03,STK06,2.99,19,116.84,complete,39.53,
41,2025-01-12 06:21:46,2025-01-12 06:31:46,EQ007,OP025,PIT02,CRUSHER,6.3,10,141.06,complete,25.17,
42,2025-05-29 06:29:24,2025-05-29 07:28:24,EQ020,OP014,PIT01,STK02,5.25,59,170.33,complete,19.12,
43,2025-03-16 10:23:02,2025-03-16 10:33:02,EQ012,OP001,PIT08,STK01,7.19,10,187.22,complete,31.49,
44,2025-01-04 11:29:42,2025-01-04 12:22:42,EQ008,OP023,PIT04,STK01,7.08,53,98.0,complete,15.92,
45,2025-04-08 17:43:04,2025-04-08 18:30:04,EQ003,OP027,PIT03,STK05,0.84,47,164.76,complete,38.2,
46,2025-04-12 00:43:11,2025-04-12 01:31:11,EQ014,OP029,PIT08,CRUSHER,5.65,48,73.28,complete,9.68,
47,2025-04-06 04:23:53,2025-04-06 04:55:53,EQ013,OP001,PIT08,STK04,2.21,32,140.24,complete,30.45,
48,2025-05-23 13:02:42,2025-05-23 13:13:42,EQ004,OP012,PIT08,STK09,5.83,11,106.45,complete,32.72,
49,2025-05-05 08:06:45,2025-05-05 08:32:45,EQ020,OP002,PIT08,STK09,5.46,26,77.94,complete,27.87,
50,2025-05-14 22:28:00,2025-05-14 22:45:00,EQ013,OP004,PIT05,CRUSHER,4.6,17,152.52,complete,21.6,
51,2025-05-15 23:49:46,2025-05-16 00:42:46,EQ014,OP022,PIT07,CRUSHER,1.26,53,52.3,complete,23.21,
52,2025-05-17 01:37:17,2025-05-17 01:55:17,EQ017,OP024,PIT08,STK07,5.13,18,104.18,complete,14.89,
53,2025-04-07 15:37:55,2025-04-07 15:59:55,EQ017,OP007,PIT01,CRUSHER,3.18,22,100.58,complete,19.34,
54,2025-04-17 10:30:42,2025-04-17 11:11:42,EQ011,OP008,PIT07,CRUSHER,0.52,41,194.4,complete,28.51,
55,2025-04-22 11:44:44,2025-04-22 12:36:44,EQ003,OP025,PIT04,STK08,4.34,52,130.35,complete,30.32,
56,2025-02-19 16:32:37,2025-02-19 17:23:37,EQ010,OP009,PIT07,CRUSHER,3.98,51,32.89,complete,8.49,
57,2025-01-08 15:49:29,2025-01-08 16:17:29,EQ014,OP024,PIT01,CRUSHER,1.37,28,201.3,complete,34.79,
58,2025-01-02 21:04:34,2025-01-02 21:22:34,EQ012,OP029,PIT07,CRUSHER,3.78,18,34.22,complete,26.76,
59,2025-01-19 01:11:04,2025-01-19 01:44:04,EQ004,OP013,PIT08,STK06,3.5,33,99.25,complete,20.98,
60,2025-05-14 23:10:42,2025-05-14 23:50:42,EQ004,OP005,PIT05,STK07,5.72,40,80.4,complete,7.05,
61,2025-01-31 22:50:11,2025-01-31 23:06:11,EQ019,OP022,PIT04,CRUSHER,3.79,16,129.38,complete,26.4,
62,2025-04-29 17:08:12,2025-04-29 17:19:12,EQ016,OP004,PIT04,CRUSHER,7.16,11,36.4,complete,20.42,
63,2025-05-08 04:23:53,2025-05-08 04:53:53,EQ011,OP017,PIT02,STK01,4.42,30,49.87,complete,29.52,
64,2025-05-09 11:48:26,2025-05-09 12:44:26,EQ012,OP022,PIT02,CRUSHER,5.57,56,162.66,complete,18.47,
65,2025-04-19 10:04:21,2025-04-19 10:53:21,EQ006,OP017,PIT07,STK01,6.87,49,135.8,complete,34.82,
66,2025-01-15 12:53:50,2025-01-15 13:51:50,EQ008,OP011,PIT02,CRUSHER,7.78,58,182.58,complete,6.76,
67,2025-05-05 22:04:33,2025-05-05 22:38:33,EQ003,OP015,PIT01,STK07,3.83,34,170.85,complete,25.06,
68,2025-04-07 18:58:26,2025-04-07 19:36:26,EQ016,OP024,PIT06,STK06,5.4,38,39.88,complete,8.59,
69,2025-04-19 04:25:07,2025-04-19 05:10:07,EQ020,OP020,PIT08,STK01,5.28,45,106.16,complete,36.15,
70,2025-05-08 02:38:18,2025-05-08 03:30:18,EQ012,OP027,PIT05,CRUSHER,0.91,52,123.16,complete,12.8,
71,2025-04-19 18:29:31,2025-04-19 19:28:31,EQ015,OP004,PIT05,CRUSHER,1.23,59,106.81,complete,28.06,
72,2025-03-10 23:04:03,2025-03-10 23:54:03,EQ004,OP002,PIT04,CRUSHER,7.23,50,76.37,complete,22.23,
73,2025-05-25 04:21:05,2025-05-25 05:17:05,EQ009,OP020,PIT08,STK07,1.97,56,98.88,complete,9.23,
74,2025-02-11 20:43:11,2025-02-11 21:22:11,EQ004,OP025,PIT06,CRUSHER,3.61,39,94.61,complete,37.43,
75,2025-04-25 08:03:31,2025-04-25 08:20:31,EQ019,OP017,PIT04,CRUSHER,1.51,17,131.57,complete,22.46,
76,2025-01-10 10:21:36,2025-01-10 11:06:36,EQ017,OP025,PIT08,CRUSHER,7.41,45,128.95,complete,11.2,
77,2025-05-22 20:21:06,2025-05-22 20:39:06,EQ020,OP020,PIT07,CRUSHER,7.12,18,45.52,complete,22.64,
78,2025-04-29 06:06:58,2025-04-29 07:00:58,EQ013,OP011,PIT06,CRUSHER,7.78,54,94.41,complete,20.85,
79,2025-03-22 03:31:59,2025-03-22 04:19:59,EQ018,OP028,PIT05,CRUSHER,2.85,48,107.84,complete,30.79,
80,2025-02-12 04:53:23,2025-02-12 05:15:23,EQ012,OP030,PIT03,CRUSHER,5.54,22,50.25,complete,39.35,
81,2025-02-04 12:40:02,2025-02-04 13:22:02,EQ004,OP025,PIT05,CRUSHER,3.14,42,160.8,complete,21.81,
82,2025-05-10 13:10:41,2025-05-10 14:05:41,EQ014,OP026,PIT03,CRUSHER,0.6,55,61.16,complete,8.73,
83,2025-01-11 07:18:02,2025-01-11 08:10:02,EQ009,OP025,PIT08,STK01,6.39,52,80.62,complete,39.42,
84,2025-01-29 10:24:20,2025-01-29 10:37:20,EQ018,OP002,PIT03,STK05,3.19,13,116.24,complete,20.84,
85,2025-05-12 04:10:45,2025-05-12 05:07:45,EQ018,OP013,PIT07,STK09,2.28,57,49.46,complete,32.45,
86,2025-02-25 20:29:35,2025-02-25 21:23:35,EQ013,OP014,PIT05,CRUSHER,7.68,54,38.9,complete,39.15,
87,2025-04-18 05:05:13,2025-04-18 05:18:13,EQ007,OP020,PIT04,CRUSHER,7.02,13,136.31,complete,35.12,
88,2025-02-13 19:07:55,2025-02-13 19:57:55,EQ007,OP010,PIT07,STK06,3.87,50,81.88,complete,39.42,
89,2025-02-03 17:56:38,2025-02-03 18:53:38,EQ013,OP002,PIT04,STK09,3.71,57,196.38,complete,24.48,
90,2025-04-24 09:34:20,2025-04-24 10:00:20,EQ015,OP023,PIT02,CRUSHER,7.53,26,55.52,complete,6.4,
91,2025-04-26 21:39:50,2025-04-26 21:52:50,EQ019,OP018,PIT01,CRUSHER,3.19,13,139.35,complete,32.44,
92,2025-02-12 17:05:50,2025-02-12 17:26:50,EQ017,OP006,PIT04,STK09,3.62,21,181.55,complete,23.8,
93,2025-02-12 22:51:27,2025-02-12 23:14:27,EQ012,OP010,PIT07,CRUSHER,2.14,23,131.48,complete,31.34,
94,2025-04-20 00:00:33,2025-04-20 00:58:33,EQ012,OP015,PIT02,STK01,2.3,58,192.84,complete,27.48,
95,2025-02-17 08:19:00,2025-02-17 08:31:00,EQ004,OP013,PIT05,CRUSHER,2.42,12,168.01,complete,30.34,
96,2025-04-11 08:46:43,2025-04-11 09:45:43,EQ016,OP002,PIT08,CRUSHER,2.72,59,150.16,complete,27.8,
97,2025-01-16 23:45:27,2025-01-17 00:01:27,EQ003,OP007,PIT05,STK03,5.53,16,159.25,complete,32.08,
98,2025-03-24 08:57:33,2025-03-24 09:13:33,EQ003,OP024,PIT01,CRUSHER,5.65,16,183.52,complete,5.83,
99,2025-01-08 08:33:46,2025-01-08 08:48:46,EQ006,OP026,PIT08,STK02,2.39,15,114.98,complete,7.47,
100,2025-02-20 05:23:12,2025-02-20 05:59:12,EQ013,OP014,PIT02,CRUSHER,2.87,36,109.36,complete,18.63,
101,2025-01-02 03:29:27,2025-01-02 04:20:27,EQ003,OP012,PIT06,STK02,7.46,51,145.86,complete,8.71,
102,2025-02-28 12:23:45,2025-02-28 13:11:45,EQ015,OP013,PIT01,CRUSHER,3.46,48,178.53,complete,28.13,
103,2025-04-14 14:08:23,2025-04-14 14:32:23,EQ018,OP010,PIT07,CRUSHER,7.7,24,49.35,complete,10.04,
104,2025-05-22 14:53:55,2025-05-22 15:44:55,EQ018,OP028,PIT08,STK06,4.66,51,148.86,complete,9.31,
105,2025-04-26 20:36:47,2025-04-26 21:11:47,EQ010,OP007,PIT08,STK09,6.11,35,136.48,complete,36.62,
106,2025-03-22 03:06:33,2025-03-22 03:57:33,EQ006,OP006,PIT08,STK09,2.16,51,51.63,complete,34.22,
107,2025-02-05 05:11:22,2025-02-05 06:03:22,EQ018,OP003,PIT03,CRUSHER,2.68,52,135.73,complete,7.36,
108,2025-05-21 21:29:27,2025-05-21 22:16:27,EQ012,OP005,PIT08,CRUSHER,5.53,47,44.17,complete,13.21,
109,2025-01-14 13:19:58,2025-01-14 13:41:58,EQ015,OP011,PIT05,CRUSHER,5.12,22,80.08,complete,15.7,
110,2025-04-20 19:39:48,2025-04-20 20:25:48,EQ014,OP006,PIT07,CRUSHER,0.54,46,111.54,complete,13.62,
111,2025-05-24 15:47:36,2025-05-24 16:38:36,EQ012,OP005,PIT07,CRUSHER,5.6,51,181.22,complete,16.6,
112,2025-03-28 11:31:06,2025-03-28 12:03:06,EQ018,OP004,PIT08,CRUSHER,1.82,32,79.45,complete,26.23,
113,2025-01-28 04:27:18,2025-01-28 05:11:18,EQ003,OP024,PIT07,CRUSHER,1.07,44,92.75,complete,5.65,
114,2025-01-07 01:22:32,2025-01-07 02:09:32,EQ002,OP018,PIT04,STK07,2.45,47,71.63,complete,36.29,
115,2025-05-07 23:25:58,2025-05-08 00:24:58,EQ013,OP008,PIT07,CRUSHER,7.19,59,114.16,complete,25.64,
116,2025-01-26 23:55:54,2025-01-27 00:34:54,EQ013,OP012,PIT06,STK09,4.27,39,52.45,complete,28.19,
117,2025-04-30 05:36:54,2025-04-30 06:29:54,EQ015,OP006,PIT01,STK03,1.84,53,47.52,complete,38.2,
118,2025-01-29 09:20:13,2025-01-29 10:17:13,EQ002,OP008,PIT08,CRUSHER,6.21,57,205.63,complete,13.11,
119,2025-02-15 10:36:21,2025-02-15 10:48:21,EQ013,OP016,PIT06,CRUSHER,7.38,12,98.75,complete,35.85,
120,2025-05-06 22:20:39,2025-05-06 22:50:39,EQ009,OP019,PIT08,CRUSHER,4.58,30,137.52,complete,11.08,
121,2025-03-12 22:24:22,2025-03-12 23:11:22,EQ013,OP030,PIT05,CRUSHER,2.17,47,71.57,complete,19.2,
122,2025-03-08 23:58:01,2025-03-09 00:39:01,EQ017,OP029,PIT02,STK08,1.54,41,169.07,complete,10.8,
123,2025-05-05 22:49:12,2025-05-05 23:16:12,EQ006,OP006,PIT05,STK04,3.22,27,35.82,complete,30.11,
124,2025-02-14 17:29:30,2025-02-14 18:05:30,EQ016,OP022,PIT03,STK06,4.09,36,121.38,complete,12.37,
125,2025-03-21 18:55:44,2025-03-21 19:06:44,EQ005,OP019,PIT08,STK04,4.94,11,137.35,complete,9.72,
126,2025-04-22 02:58:05,2025-04-22 03:17:05,EQ009,OP030,PIT05,STK01,1.85,19,143.75,complete,38.54,
127,2025-04-20 10:35:17,2025-04-20 11:25:17,EQ003,OP007,PIT03,CRUSHER,3.87,50,192.37,complete,39.75,
128,2025-02-03 02:53:55,2025-02-03 03:17:55,EQ019,OP027,PIT05,STK07,6.26,24,84.41,complete,26.81,
129,2025-02-02 13:38:23,2025-02-02 14:34:23,EQ020,OP019,PIT04,CRUSHER,1.02,56,182.65,complete,18.24,
130,2025-01-04 05:11:14,2025-01-04 05:33:14,EQ005,OP020,PIT01,CRUSHER,1.22,22,202.86,complete,21.66,
131,2025-01-08 13:55:24,2025-01-08 14:55:24,EQ003,OP016,PIT01,STK09,5.45,60,185.98,complete,36.57,
132,2025-01-01 05:35:36,2025-01-01 06:34:36,EQ012,OP028,PIT06,CRUSHER,0.83,59,168.94,complete,23.54,
133,2025-04-04 14:51:29,2025-04-04 15:51:29,EQ019,OP026,PIT03,CRUSHER,6.06,60,162.06,complete,31.65,
134,2025-01-19 23:23:37,2025-01-20 00:00:37,EQ016,OP025,PIT01,CRUSHER,2.24,37,36.06,complete,35.07,
135,2025-04-16 13:58:12,2025-04-16 14:34:12,EQ001,OP023,PIT07,STK05,6.08,36,190.05,complete,5.25,
136,2025-04-11 22:15:56,2025-04-11 22:25:56,EQ011,OP014,PIT05,STK07,3.22,10,186.97,complete,10.42,
137,2025-02-19 06:00:51,2025-02-19 06:26:51,EQ019,OP012,PIT06,CRUSHER,5.09,26,205.05,complete,39.71,
138,2025-02-09 13:16:52,2025-02-09 13:52:52,EQ006,OP012,PIT07,CRUSHER,4.69,36,53.55,complete,21.93,
139,2025-04-23 04:02:58,2025-04-23 04:34:58,EQ004,OP024,PIT02,STK07,2.22,32,31.96,complete,32.41,
140,2025-01-20 11:19:56,2025-01-20 11:42:56,EQ011,OP026,PIT06,CRUSHER,4.63,23,77.97,complete,29.4,
141,2025-02-01 05:05:36,2025-02-01 05:39:36,EQ005,OP016,PIT06,STK01,7.44,34,190.56,complete,20.24,
142,2025-02-13 01:31:27,2025-02-13 02:04:27,EQ013,OP030,PIT05,STK02,7.88,33,139.25,complete,26.49,
143,2025-05-19 04:19:24,2025-05-19 05:07:24,EQ016,OP015,PIT08,STK01,0.58,48,199.56,complete,34.77,
144,2025-04-11 14:46:09,2025-04-11 15:14:09,EQ020,OP017,PIT06,STK04,4.37,28,54.43,complete,13.11,
145,2025-01-08 00:03:25,2025-01-08 00:36:25,EQ006,OP003,PIT02,STK04,7.98,33,156.31,complete,32.29,
146,2025-03-18 17:30:01,2025-03-18 18:05:01,EQ003,OP030,PIT04,STK04,1.18,35,34.09,complete,14.96,
147,2025-04-24 04:39:43,2025-04-24 05:11:43,EQ008,OP020,PIT06,CRUSHER,7.72,32,47.4,complete,20.92,
148,2025-01-01 21:40:38,2025-01-01 22:06:38,EQ017,OP004,PIT08,CRUSHER,4.69,26,62.38,complete,22.61,
149,2025-01-23 17:18:05,2025-01-23 18:00:05,EQ015,OP013,PIT06,CRUSHER,4.72,42,201.72,complete,31.95,
150,2025-05-31 14:33:08,2025-05-31 15:12:08,EQ016,OP004,PIT04,STK08,2.43,39,41.55,complete,18.39,
151,2025-02-12 19:03:21,2025-02-12 19:56:21,EQ014,OP012,PIT01,CRUSHER,4.37,53,89.41,complete,5.34,
152,2025-02-18 04:57:51,2025-02-18 05:25:51,EQ011,OP003,PIT02,CRUSHER,4.66,28,75.29,complete,11.25,
153,2025-02-12 10:35:31,2025-02-12 11:21:31,EQ007,OP016,PIT06,STK05,6.03,46,169.08,complete,13.22,
154,2025-02-21 12:52:43,2025-02-21 13:15:43,EQ008,OP027,PIT02,STK04,5.14,23,159.74,complete,10.46,
155,2025-01-16 05:46:42,2025-01-16 06:39:42,EQ018,OP002,PIT08,STK08,6.86,53,118.13,complete,17.99,
156,2025-04-22 13:27:15,2025-04-22 13:54:15,EQ017,OP009,PIT05,STK08,3.48,27,157.91,complete,31.26,
157,2025-04-13 02:06:17,2025-04-13 02:43:17,EQ017,OP012,PIT02,STK08,3.45,37,177.18,complete,29.02,
158,2025-01-24 08:57:22,2025-01-24 09:51:22,EQ011,OP023,PIT02,CRUSHER,0.56,54,84.86,complete,28.59,
159,2025-01-20 13:31:08,2025-01-20 14:01:08,EQ006,OP018,PIT07,CRUSHER,2.47,30,126.51,complete,14.43,
160,2025-03-08 14:56:43,2025-03-08 15:29:43,EQ014,OP007,PIT02,CRUSHER,3.64,33,141.77,complete,31.33,
161,2025-03-19 18:53:48,2025-03-19 19:20:48,EQ019,OP005,PIT07,STK08,7.84,27,105.22,complete,29.01,
162,2025-05-20 23:14:36,2025-05-20 23:41:36,EQ013,OP007,PIT06,CRUSHER,1.59,27,46.57,complete,38.57,
163,2025-01-02 21:24:08,2025-01-02 21:45:08,EQ005,OP029,PIT02,CRUSHER,6.87,21,149.1,complete,23.1,
164,2025-04-05 11:48:52,2025-04-05 12:17:52,EQ013,OP004,PIT03,STK05,5.68,29,165.17,complete,7.1,
165,2025-04-03 12:50:04,2025-04-03 13:40:04,EQ011,OP009,PIT02,CRUSHER,3.21,50,132.46,complete,24.61,
166,2025-02-20 01:02:17,2025-02-20 01:34:17,EQ004,OP012,PIT01,CRUSHER,7.01,32,190.24,complete,38.71,
167,2025-04-22 19:51:45,2025-04-22 20:42:45,EQ010,OP012,PIT03,STK09,2.94,51,130.28,complete,22.87,
168,2025-03-28 18:50:43,2025-03-28 19:05:43,EQ015,OP021,PIT06,CRUSHER,7.67,15,93.29,complete,35.39,
169,2025-03-07 12:20:36,2025-03-07 12:56:36,EQ003,OP006,PIT01,STK07,3.08,36,182.66,complete,15.97,
170,2025-05-18 22:51:36,2025-05-18 23:18:36,EQ015,OP025,PIT06,CRUSHER,6.97,27,156.84,complete,17.71,
171,2025-03-29 10:29:50,2025-03-29 11:05:50,EQ001,OP005,PIT02,STK03,5.96,36,131.44,complete,28.17,
172,2025-05-17 01:29:03,2025-05-17 02:26:03,EQ006,OP013,PIT08,STK02,1.27,57,69.21,complete,7.23,
173,2025-04-17 11:53:11,2025-04-17 12:06:11,EQ017,OP025,PIT02,CRUSHER,7.97,13,89.13,complete,8.64,
174,2025-01-17 08:55:08,2025-01-17 09:46:08,EQ008,OP008,PIT05,CRUSHER,6.03,51,37.76,complete,20.51,
175,2025-04-13 06:47:49,2025-04-13 07:07:49,EQ012,OP028,PIT02,STK01,7.36,20,100.82,complete,35.25,
176,2025-04-15 23:18:17,2025-04-15 23:45:17,EQ005,OP023,PIT05,CRUSHER,4.54,27,150.65,complete,25.68,
177,2025-05-26 10:10:51,2025-05-26 11:00:51,EQ012,OP016,PIT05,CRUSHER,4.55,50,38.28,complete,33.16,
178,2025-03-13 00:40:25,2025-03-13 01:16:25,EQ010,OP001,PIT08,STK05,0.5,36,87.4,complete,33.54,
179,2025-03-08 18:37:11,2025-03-08 19:05:11,EQ016,OP025,PIT06,STK08,4.08,28,127.37,complete,5.32,
180,2025-02-26 21:07:05,2025-02-26 21:55:05,EQ018,OP012,PIT02,STK04,1.91,48,106.76,complete,35.88,
181,2025-02-18 12:36:01,2025-02-18 12:56:01,EQ008,OP009,PIT07,CRUSHER,1.09,20,101.09,complete,26.89,
182,2025-04-30 01:47:40,2025-04-30 02:41:40,EQ018,OP026,PIT08,CRUSHER,2.52,54,59.59,complete,11.58,
183,2025-01-27 12:42:50,2025-01-27 13:10:50,EQ020,OP015,PIT07,CRUSHER,2.54,28,70.44,complete,26.8,
184,2025-01-04 18:23:20,2025-01-04 18:42:20,EQ006,OP004,PIT06,STK01,2.62,19,159.9,complete,9.38,
185,2025-01-02 14:14:01,2025-01-02 14:38:01,EQ001,OP016,PIT04,STK02,2.13,24,48.9,complete,19.71,
186,2025-04-07 18:41:33,2025-04-07 19:14:33,EQ011,OP003,PIT02,STK08,6.83,33,178.79,complete,38.31,
187,2025-05-31 14:48:16,2025-05-31 15:23:16,EQ006,OP007,PIT02,CRUSHER,7.22,35,54.52,complete,13.75,
188,2025-01-03 10:47:32,2025-01-03 11:04:32,EQ015,OP008,PIT06,CRUSHER,6.03,17,164.42,complete,6.17,
189,2025-05-30 17:06:05,2025-05-30 17:22:05,EQ016,OP013,PIT05,STK09,5.61,16,112.87,complete,15.92,
190,2025-05-03 04:07:04,2025-05-03 05:03:04,EQ009,OP016,PIT08,STK01,5.29,56,118.73,complete,11.96,
191,2025-05-10 11:01:22,2025-05-10 11:24:22,EQ014,OP011,PIT07,STK02,0.61,23,43.39,complete,32.8,
192,2025-03-18 20:36:01,2025-03-18 21:36:01,EQ002,OP019,PIT04,STK04,6.38,60,191.23,complete,21.63,
193,2025-03-14 02:50:35,2025-03-14 03:49:35,EQ006,OP016,PIT02,STK02,1.19,59,202.6,complete,26.65,
194,2025-05-28 11:48:24,2025-05-28 12:38:24,EQ012,OP021,PIT01,STK01,1.65,50,122.82,complete,23.77,
195,2025-04-05 17:30:45,2025-04-05 17:54:45,EQ015,OP024,PIT06,CRUSHER,1.95,24,119.81,complete,29.12,
196,2025-01-27 03:53:50,2025-01-27 04:19:50,EQ015,OP018,PIT06,CRUSHER,2.71,26,149.69,complete,29.4,
197,2025-02-06 05:44:36,2025-02-06 06:28:36,EQ015,OP009,PIT03,CRUSHER,7.01,44,96.35,complete,25.95,
198,2025-02-01 03:15:16,2025-02-01 03:29:16,EQ015,OP010,PIT07,STK09,6.65,14,198.39,complete,23.96,
199,2025-05-31 16:02:22,2025-05-31 16:52:22,EQ006,OP029,PIT06,CRUSHER,0.64,50,84.13,complete,34.99,
200,2025-02-16 08:49:33,2025-02-16 09:19:33,EQ007,OP017,PIT02,CRUSHER,5.62,30,212.12,complete,31.8,
201,2025-02-24 23:28:37,2025-02-24 23:58:37,EQ004,OP004,PIT04,CRUSHER,4.42,30,91.89,complete,7.33,
202,2025-01-26 04:47:30,2025-01-26 05:08:30,EQ004,OP016,PIT02,STK01,1.94,21,57.66,complete,6.11,
203,2025-03-17 11:00:06,2025-03-17 11:52:06,EQ002,OP012,PIT03,CRUSHER,2.16,52,35.63,complete,30.12,
204,2025-02-10 12:47:24,2025-02-10 13:38:24,EQ015,OP026,PIT03,STK08,5.29,51,173.07,complete,17.63,
205,2025-03-22 18:28:56,2025-03-22 19:01:56,EQ017,OP002,PIT08,CRUSHER,6.01,33,152.9,complete,34.21,
206,2025-02-11 22:10:01,2025-02-11 22:53:01,EQ008,OP018,PIT05,STK02,3.39,43,68.85,complete,11.76,
207,2025-04-21 16:31:17,2025-04-21 17:21:17,EQ004,OP025,PIT08,CRUSHER,5.29,50,95.84,complete,17.53,
208,2025-05-10 04:15:14,2025-05-10 04:52:14,EQ006,OP018,PIT04,STK02,3.51,37,123.39,complete,16.81,
209,2025-04-27 11:48:35,2025-04-27 12:26:35,EQ018,OP011,PIT06,CRUSHER,6.84,38,37.1,complete,19.43,
210,2025-05-21 22:47:18,2025-05-21 23:17:18,EQ013,OP025,PIT02,STK04,4.63,30,183.67,complete,31.06,
211,2025-03-29 20:21:10,2025-03-29 20:59:10,EQ002,OP010,PIT02,STK07,4.97,38,54.61,complete,23.12,
212,2025-02-28 14:41:02,2025-02-28 14:51:02,EQ007,OP028,PIT01,STK05,2.86,10,202.57,complete,32.0,
213,2025-02-23 14:03:12,2025-02-23 14:48:12,EQ004,OP002,PIT04,STK09,3.95,45,213.84,complete,10.46,
214,2025-04-24 01:02:32,2025-04-24 01:27:32,EQ010,OP003,PIT03,CRUSHER,4.78,25,143.65,complete,24.92,
215,2025-01-15 23:47:07,2025-01-16 00:43:07,EQ006,OP016,PIT08,CRUSHER,6.69,56,151.39,complete,29.14,
216,2025-01-19 12:25:43,2025-01-19 13:13:43,EQ019,OP013,PIT03,STK05,1.09,48,32.08,complete,6.96,
217,2025-03-09 13:28:20,2025-03-09 14:05:20,EQ008,OP024,PIT05,STK07,5.4,37,171.48,complete,26.08,
218,2025-05-31 23:02:00,2025-05-31 23:52:00,EQ010,OP017,PIT02,STK07,0.81,50,166.5,complete,23.9,
219,2025-04-08 13:21:40,2025-04-08 14:15:40,EQ002,OP022,PIT04,STK04,5.99,54,139.41,complete,18.75,
220,2025-04-26 13:31:01,2025-04-26 14:17:01,EQ008,OP014,PIT07,STK09,2.67,46,138.99,complete,18.8,
221,2025-01-17 00:41:17,2025-01-17 01:21:17,EQ009,OP003,PIT01,CRUSHER,3.49,40,39.77,complete,20.21,
222,2025-05-28 23:19:50,2025-05-28 23:37:50,EQ016,OP013,PIT01,STK08,5.39,18,208.15,complete,11.86,
223,2025-05-23 20:27:36,2025-05-23 21:10:36,EQ003,OP009,PIT06,STK04,6.33,43,148.19,complete,16.32,
224,2025-01-18 09:32:28,2025-01-18 09:49:28,EQ012,OP012,PIT08,CRUSHER,1.93,17,180.04,complete,17.06,
225,2025-05-30 10:58:29,2025-05-30 11:27:29,EQ020,OP027,PIT08,CRUSHER,7.93,29,40.28,complete,20.48,
226,2025-01-09 17:08:40,2025-01-09 17:32:40,EQ005,OP025,PIT05,CRUSHER,5.96,24,184.17,complete,8.0,
227,2025-02-17 04:41:13,2025-02-17 05:30:13,EQ001,OP011,PIT04,CRUSHER,5.7,49,115.68,complete,8.89,
228,2025-01-05 10:00:50,2025-01-05 10:31:50,EQ007,OP018,PIT05,STK04,4.42,31,184.19,complete,14.05,
229,2025-05-22 17:41:25,2025-05-22 18:00:25,EQ019,OP029,PIT06,CRUSHER,5.48,19,162.49,complete,6.52,
230,2025-02-25 03:35:56,2025-02-25 03:57:56,EQ015,OP021,PIT05,STK05,7.59,22,191.27,complete,7.33,
231,2025-05-09 17:43:06,2025-05-09 18:35:06,EQ001,OP010,PIT05,STK06,7.01,52,107.3,complete,27.73,
232,2025-03-15 22:11:46,2025-03-15 22:53:46,EQ016,OP028,PIT07,CRUSHER,4.98,42,80.47,complete,8.08,
233,2025-03-30 22:22:14,2025-03-30 23:07:14,EQ008,OP030,PIT07,STK01,4.47,45,156.65,complete,16.67,
234,2025-01-31 11:41:51,2025-01-31 11:52:51,EQ012,OP021,PIT03,CRUSHER,2.77,11,101.14,complete,39.86,
235,2025-02-23 13:41:09,2025-02-23 13:54:09,EQ001,OP018,PIT03,CRUSHER,7.62,13,174.65,complete,12.9,
236,2025-03-18 06:47:52,2025-03-18 07:39:52,EQ013,OP017,PIT01,STK03,7.7,52,92.93,complete,26.44,
237,2025-02-14 03:53:28,2025-02-14 04:29:28,EQ014,OP010,PIT02,STK04,7.32,36,96.4,complete,16.52,
238,2025-02-10 03:33:31,2025-02-10 04:24:31,EQ005,OP010,PIT04,STK03,5.66,51,85.47,complete,36.45,
239,2025-03-25 12:14:41,2025-03-25 13:13:41,EQ011,OP003,PIT02,STK03,4.68,59,125.11,complete,38.2,
240,2025-03-03 16:06:43,2025-03-03 16:25:43,EQ014,OP014,PIT08,CRUSHER,2.78,19,203.32,complete,31.1,
241,2025-05-04 15:55:26,2025-05-04 16:52:26,EQ007,OP004,PIT08,STK05,1.49,57,112.33,complete,5.92,
242,2025-04-30 19:10:44,2025-04-30 19:37:44,EQ008,OP022,PIT05,STK04,0.7,27,41.46,complete,7.78,
243,2025-01-27 00:53:20,2025-01-27 01:35:20,EQ006,OP028,PIT03,CRUSHER,3.41,42,159.35,complete,21.58,
244,2025-02-13 22:30:32,2025-02-13 22:42:32,EQ009,OP014,PIT04,STK07,2.17,12,201.94,complete,28.5,
245,2025-02-09 17:19:42,2025-02-09 17:33:42,EQ020,OP016,PIT03,CRUSHER,5.66,14,129.32,complete,35.34,
246,2025-03-25 00:33:14,2025-03-25 01:08:14,EQ011,OP013,PIT08,CRUSHER,5.09,35,214.04,complete,30.99,
247,2025-04-12 23:45:06,2025-04-13 00:36:06,EQ015,OP015,PIT02,STK01,6.7,51,42.06,complete,6.48,
248,2025-04-11 17:19:46,2025-04-11 18:03:46,EQ018,OP013,PIT03,STK07,4.37,44,53.28,complete,27.07,
249,2025-02-26 12:59:39,2025-02-26 13:37:39,EQ010,OP015,PIT03,CRUSHER,1.75,38,173.48,complete,15.3,
250,2025-05-14 23:24:49,2025-05-15 00:07:49,EQ015,OP003,PIT05,CRUSHER,5.92,43,71.03,complete,8.96,
251,2025-05-16 04:07:37,2025-05-16 04:51:37,EQ014,OP011,PIT03,CRUSHER,3.88,44,204.67,complete,11.26,
252,2025-05-19 09:07:01,2025-05-19 09:29:01,EQ009,OP011,PIT03,STK08,5.69,22,119.9,complete,36.75,
253,2025-05-20 11:52:07,2025-05-20 12:48:07,EQ004,OP023,PIT01,STK02,3.87,56,91.12,complete,17.7,
254,2025-03-16 13:58:36,2025-03-16 14:54:36,EQ013,OP018,PIT04,STK09,3.35,56,167.92,complete,31.89,
255,2025-04-20 19:22:54,2025-04-20 20:14:54,EQ005,OP006,PIT05,STK03,6.27,52,34.85,complete,6.8,
256,2025-05-22 18:48:01,2025-05-22 19:47:01,EQ006,OP004,PIT02,CRUSHER,7.24,59,100.57,complete,38.62,
257,2025-05-29 15:00:10,2025-05-29 15:26:10,EQ016,OP028,PIT06,CRUSHER,4.24,26,112.28,complete,33.26,
258,2025-04-06 19:43:19,2025-04-06 20:08:19,EQ015,OP014,PIT07,CRUSHER,3.81,25,86.72,complete,26.04,
259,2025-04-17 06:47:48,2025-04-17 07:14:48,EQ002,OP006,PIT02,STK09,1.61,27,83.42,complete,27.86,
260,2025-01-07 07:08:40,2025-01-07 08:00:40,EQ003,OP002,PIT07,CRUSHER,1.32,52,36.54,complete,39.78,
261,2025-02-25 05:18:33,2025-02-25 06:07:33,EQ015,OP024,PIT03,STK09,4.84,49,155.27,complete,37.6,
262,2025-02-28 02:48:48,2025-02-28 03:18:48,EQ003,OP025,PIT07,CRUSHER,3.7,30,115.24,complete,24.27,
263,2025-01-27 03:01:43,2025-01-27 03:18:43,EQ017,OP014,PIT01,CRUSHER,4.43,17,132.05,complete,29.35,
264,2025-01-22 05:23:07,2025-01-22 06:09:07,EQ016,OP024,PIT01,STK09,5.66,46,150.95,complete,37.69,
265,2025-02-25 18:23:23,2025-02-25 19:00:23,EQ017,OP019,PIT07,CRUSHER,7.96,37,164.73,complete,17.38,
266,2025-04-20 06:03:57,2025-04-20 06:44:57,EQ016,OP026,PIT05,CRUSHER,1.85,41,126.87,complete,26.33,
267,2025-02-07 14:02:01,2025-02-07 14:12:01,EQ015,OP021,PIT02,STK02,6.48,10,80.03,complete,30.81,
268,2025-04-30 11:32:35,2025-04-30 12:08:35,EQ011,OP012,PIT03,STK07,4.7,36,126.8,complete,27.31,
269,2025-02-09 01:36:00,2025-02-09 02:30:00,EQ003,OP010,PIT03,CRUSHER,2.75,54,34.66,complete,24.25,
270,2025-01-23 02:31:03,2025-01-23 03:24:03,EQ013,OP024,PIT03,CRUSHER,4.77,53,112.86,complete,38.6,
271,2025-02-07 16:10:41,2025-02-07 16:41:41,EQ016,OP026,PIT05,CRUSHER,0.77,31,211.66,complete,9.75,
272,2025-03-31 10:38:06,2025-03-31 11:22:06,EQ014,OP030,PIT05,CRUSHER,6.07,44,121.87,complete,34.23,
273,2025-05-21 18:34:40,2025-05-21 19:27:40,EQ007,OP019,PIT05,STK06,5.64,53,47.67,complete,32.98,
274,2025-03-10 15:52:28,2025-03-10 16:06:28,EQ001,OP011,PIT04,CRUSHER,7.88,14,208.03,complete,26.93,
275,2025-04-21 20:58:02,2025-04-21 21:46:02,EQ020,OP004,PIT07,STK07,6.98,48,125.78,complete,31.3,
276,2025-03-03 01:40:24,2025-03-03 02:35:24,EQ014,OP003,PIT08,CRUSHER,4.23,55,48.96,complete,13.32,
277,2025-02-28 18:21:07,2025-02-28 18:44:07,EQ006,OP004,PIT08,CRUSHER,3.31,23,65.1,complete,6.31,
278,2025-01-18 23:33:59,2025-01-19 00:11:59,EQ016,OP029,PIT08,STK09,4.25,38,64.68,complete,11.66,
279,2025-05-23 05:25:21,2025-05-23 06:08:21,EQ005,OP025,PIT06,CRUSHER,7.04,43,114.46,complete,33.77,
280,2025-05-12 09:43:52,2025-05-12 10:01:52,EQ015,OP013,PIT05,STK04,5.85,18,155.56,complete,23.28,
281,2025-01-09 13:11:40,2025-01-09 14:04:40,EQ015,OP029,PIT04,CRUSHER,0.85,53,76.39,complete,23.22,
282,2025-03-02 16:15:57,2025-03-02 16:26:57,EQ011,OP007,PIT08,STK05,1.94,11,157.32,complete,14.68,
283,2025-03-27 15:44:52,2025-03-27 16:36:52,EQ005,OP006,PIT07,CRUSHER,2.55,52,76.97,complete,5.53,
284,2025-04-10 19:41:46,2025-04-10 19:57:46,EQ018,OP011,PIT02,CRUSHER,2.53,16,81.56,complete,38.01,
285,2025-04-22 11:25:13,2025-04-22 11:50:13,EQ010,OP020,PIT05,STK03,7.19,25,117.19,complete,23.92,
286,2025-01-06 15:06:56,2025-01-06 15:46:56,EQ013,OP002,PIT04,STK01,1.15,40,46.84,complete,18.72,
287,2025-04-26 02:26:39,2025-04-26 03:16:39,EQ010,OP011,PIT01,CRUSHER,6.63,50,70.13,complete,29.95,
288,2025-04-14 14:13:11,2025-04-14 14:28:11,EQ003,OP027,PIT03,STK08,6.52,15,47.15,complete,29.45,
289,2025-03-02 06:31:48,2025-03-02 07:24:48,EQ008,OP008,PIT08,CRUSHER,1.58,53,99.35,complete,36.35,
290,2025-03-12 13:47:48,2025-03-12 14:22:48,EQ011,OP015,PIT01,CRUSHER,4.16,35,85.15,complete,7.29,
291,2025-04-03 22:40:49,2025-04-03 23:19:49,EQ012,OP020,PIT01,CRUSHER,4.81,39,122.04,complete,22.78,
292,2025-05-19 16:45:13,2025-05-19 17:45:13,EQ018,OP021,PIT07,CRUSHER,1.03,60,195.9,complete,15.57,
293,2025-04-25 16:05:49,2025-04-25 16:41:49,EQ018,OP006,PIT01,STK04,7.8,36,201.66,complete,18.43,
294,2025-05-15 18:33:12,2025-05-15 19:20:12,EQ019,OP026,PIT05,CRUSHER,3.07,47,194.12,complete,29.29,
295,2025-05-11 00:35:11,2025-05-11 00:49:11,EQ019,OP020,PIT05,STK08,3.97,14,178.35,complete,24.43,
296,2025-02-04 05:01:49,2025-02-04 05:30:49,EQ020,OP004,PIT03,STK07,5.64,29,113.59,complete,25.87,
297,2025-03-05 13:49:58,2025-03-05 14:30:58,EQ007,OP027,PIT03,STK01,1.54,41,153.27,complete,25.33,
298,2025-01-01 00:51:32,2025-01-01 01:49:32,EQ015,OP018,PIT02,STK03,2.69,58,89.11,complete,26.55,
299,2025-02-09 22:27:10,2025-02-09 23:20:10,EQ019,OP026,PIT04,CRUSHER,7.35,53,29.64,complete,15.66,
300,2025-03-26 09:58:29,2025-03-26 10:53:29,EQ019,OP001,PIT01,STK06,5.09,55,137.38,complete,22.86,
301,2025-02-27 02:59:59,2025-02-27 03:12:59,EQ001,OP023,PIT05,STK06,4.7,13,152.31,complete,39.25,
302,2025-02-24 19:11:25,2025-02-24 19:22:25,EQ019,OP013,PIT02,CRUSHER,5.19,11,163.33,complete,29.91,
303,2025-03-26 12:07:57,2025-03-26 12:51:57,EQ016,OP005,PIT08,STK04,1.91,44,67.64,complete,18.46,
304,2025-03-23 00:27:30,2025-03-23 00:46:30,EQ005,OP001,PIT08,STK05,1.04,19,98.51,complete,5.55,
305,2025-04-05 12:11:33,2025-04-05 13:03:33,EQ003,OP005,PIT02,STK07,5.32,52,168.33,complete,19.55,
306,2025-05-16 00:45:16,2025-05-16 01:33:16,EQ015,OP017,PIT02,STK07,3.68,48,42.48,complete,33.7,
307,2025-02-13 20:01:44,2025-02-13 20:22:44,EQ019,OP016,PIT03,STK07,6.85,21,130.91,complete,13.29,
308,2025-03-21 18:38:34,2025-03-21 19:22:34,EQ002,OP019,PIT08,STK06,4.12,44,65.59,complete,17.9,
309,2025-05-15 01:57:01,2025-05-15 02:12:01,EQ015,OP017,PIT07,CRUSHER,1.09,15,110.9,complete,36.15,
310,2025-04-02 17:47:02,2025-04-02 18:37:02,EQ020,OP002,PIT01,CRUSHER,7.28,50,146.04,complete,23.73,
311,2025-03-30 03:57:19,2025-03-30 04:39:19,EQ014,OP012,PIT01,CRUSHER,7.7,42,65.73,complete,32.94,
312,2025-01-07 20:37:55,2025-01-07 21:31:55,EQ002,OP021,PIT08,CRUSHER,4.05,54,205.17,complete,10.92,
313,2025-02-26 15:40:06,2025-02-26 16:37:06,EQ016,OP003,PIT07,CRUSHER,1.45,57,162.01,complete,7.69,
314,2025-02-18 22:38:33,2025-02-18 22:56:33,EQ009,OP001,PIT03,CRUSHER,6.06,18,98.03,complete,26.13,
315,2025-05-24 11:50:12,2025-05-24 12:09:12,EQ006,OP009,PIT04,CRUSHER,6.37,19,102.02,complete,13.27,
316,2025-04-13 09:48:36,2025-04-13 10:00:36,EQ005,OP020,PIT07,STK06,7.5,12,109.81,complete,10.4,
317,2025-03-22 04:28:35,2025-03-22 05:27:35,EQ015,OP024,PIT05,STK07,5.28,59,111.62,complete,12.38,
318,2025-03-09 00:10:09,2025-03-09 00:23:09,EQ002,OP006,PIT01,STK05,3.98,13,105.72,complete,21.67,
319,2025-05-27 02:34:04,2025-05-27 03:18:04,EQ013,OP016,PIT01,CRUSHER,2.47,44,34.51,complete,23.57,
320,2025-02-26 01:52:09,2025-02-26 02:30:09,EQ017,OP022,PIT01,CRUSHER,7.67,38,125.4,complete,8.41,
321,2025-03-10 16:57:30,2025-03-10 17:34:30,EQ009,OP009,PIT06,CRUSHER,6.52,37,176.1,complete,13.94,
322,2025-03-31 12:55:18,2025-03-31 13:54:18,EQ017,OP011,PIT04,STK04,5.58,59,71.64,complete,39.76,
323,2025-01-03 01:17:49,2025-01-03 02:10:49,EQ001,OP014,PIT03,STK01,1.23,53,197.35,complete,8.64,
324,2025-02-12 14:33:15,2025-02-12 15:29:15,EQ007,OP002,PIT07,CRUSHER,0.68,56,203.31,complete,8.22,
325,2025-05-08 12:00:12,2025-05-08 12:23:12,EQ003,OP028,PIT07,STK02,5.04,23,105.02,complete,18.16,
326,2025-05-06 19:27:36,2025-05-06 20:13:36,EQ006,OP009,PIT03,STK03,2.71,46,84.16,complete,28.12,
327,2025-03-30 01:12:03,2025-03-30 01:39:03,EQ009,OP006,PIT03,CRUSHER,6.36,27,100.23,complete,14.71,
328,2025-03-17 10:57:45,2025-03-17 11:28:45,EQ009,OP006,PIT06,CRUSHER,3.8,31,141.21,complete,22.21,
329,2025-04-29 12:12:46,2025-04-29 12:47:46,EQ004,OP005,PIT01,CRUSHER,4.55,35,38.82,complete,20.09,
330,2025-01-21 15:09:34,2025-01-21 15:47:34,EQ002,OP003,PIT04,STK05,1.03,38,160.39,complete,30.46,
331,2025-01-04 15:27:00,2025-01-04 16:08:00,EQ002,OP022,PIT04,STK03,3.43,41,84.69,complete,10.31,
332,2025-03-17 23:43:54,2025-03-18 00:29:54,EQ016,OP014,PIT08,CRUSHER,3.53,46,161.56,complete,30.47,
333,2025-01-14 14:41:17,2025-01-14 15:25:17,EQ013,OP023,PIT06,STK04,6.63,44,66.71,complete,21.87,
334,2025-03-11 16:40:50,2025-03-11 17:11:50,EQ002,OP021,PIT05,CRUSHER,7.98,31,146.22,complete,27.65,
335,2025-03-08 00:48:26,2025-03-08 01:03:26,EQ007,OP006,PIT08,CRUSHER,4.66,15,45.91,complete,38.86,
336,2025-02-28 00:50:12,2025-02-28 01:44:12,EQ012,OP016,PIT04,STK07,1.14,54,85.85,complete,27.15,
337,2025-01-28 04:10:53,2025-01-28 04:22:53,EQ019,OP008,PIT07,STK04,4.17,12,200.15,complete,7.2,
338,2025-03-01 18:07:47,2025-03-01 18:48:47,EQ001,OP002,PIT08,CRUSHER,3.04,41,97.31,complete,16.82,
339,2025-03-20 17:48:12,2025-03-20 18:05:12,EQ018,OP005,PIT08,CRUSHER,6.06,17,205.79,complete,13.15,
340,2025-05-23 19:29:26,2025-05-23 19:48:26,EQ016,OP030,PIT08,STK08,7.39,19,57.46,complete,6.6,
341,2025-01-26 08:20:59,2025-01-26 08:30:59,EQ010,OP027,PIT01,STK03,6.45,10,124.64,complete,20.97,
342,2025-04-25 18:27:27,2025-04-25 18:41:27,EQ016,OP020,PIT03,STK02,6.49,14,68.81,complete,12.72,
343,2025-03-24 18:17:21,2025-03-24 18:48:21,EQ004,OP022,PIT08,CRUSHER,4.82,31,40.17,complete,9.81,
344,2025-02-11 09:43:56,2025-02-11 10:41:56,EQ011,OP003,PIT01,STK01,1.41,58,130.79,complete,9.94,
345,2025-05-16 04:58:24,2025-05-16 05:31:24,EQ015,OP008,PIT07,STK09,7.44,33,31.43,complete,6.42,
346,2025-05-03 18:14:25,2025-05-03 19:03:25,EQ001,OP029,PIT04,STK07,4.15,49,120.04,complete,5.22,
347,2025-01-18 07:25:41,2025-01-18 08:20:41,EQ016,OP023,PIT02,CRUSHER,1.45,55,75.2,complete,10.01,
348,2025-03-29 11:06:19,2025-03-29 11:42:19,EQ020,OP023,PIT05,STK04,0.78,36,204.24,complete,11.3,
349,2025-01-18 02:12:30,2025-01-18 03:02:30,EQ014,OP001,PIT07,CRUSHER,4.68,50,165.6,complete,11.72,
350,2025-01-19 13:55:08,2025-01-19 14:44:08,EQ015,OP025,PIT03,STK06,5.2,49,147.84,complete,12.28,
351,2025-01-22 21:07:21,2025-01-22 22:07:21,EQ016,OP006,PIT02,CRUSHER,1.7,60,165.28,complete,37.29,
352,2025-03-12 17:15:45,2025-03-12 17:43:45,EQ009,OP011,PIT08,CRUSHER,5.13,28,64.78,complete,36.15,
353,2025-01-21 06:38:15,2025-01-21 07:35:15,EQ006,OP026,PIT01,STK01,0.72,57,194.99,complete,23.02,
354,2025-02-15 16:34:36,2025-02-15 17:30:36,EQ014,OP007,PIT07,CRUSHER,6.1,56,130.82,complete,36.44,
355,2025-01-22 09:15:22,2025-01-22 09:45:22,EQ008,OP024,PIT06,STK04,3.59,30,70.68,complete,12.0,
356,2025-01-15 06:40:23,2025-01-15 07:20:23,EQ014,OP005,PIT06,STK08,2.12,40,163.15,complete,26.33,
357,2025-03-14 12:33:59,2025-03-14 12:51:59,EQ012,OP009,PIT07,STK08,2.02,18,88.15,complete,9.45,
358,2025-01-12 13:59:49,2025-01-12 14:26:49,EQ015,OP015,PIT08,STK03,3.64,27,171.99,complete,31.61,
359,2025-02-27 07:33:08,2025-02-27 08:21:08,EQ019,OP018,PIT07,STK03,6.91,48,104.56,complete,8.03,
360,2025-04-05 23:53:58,2025-04-06 00:16:58,EQ009,OP001,PIT05,CRUSHER,5.98,23,160.76,complete,30.77,
361,2025-03-05 13:18:34,2025-03-05 13:55:34,EQ019,OP029,PIT06,STK04,0.54,37,55.44,complete,39.31,
362,2025-04-02 09:24:00,2025-04-02 10:20:00,EQ014,OP017,PIT05,STK09,3.46,56,105.62,complete,33.34,
363,2025-01-20 00:42:33,2025-01-20 01:20:33,EQ003,OP018,PIT07,STK08,6.15,38,110.88,complete,29.26,
364,2025-02-12 07:59:01,2025-02-12 08:17:01,EQ008,OP021,PIT06,CRUSHER,7.99,18,45.03,complete,5.56,
365,2025-02-01 10:03:21,2025-02-01 10:58:21,EQ015,OP015,PIT04,STK08,6.29,55,99.55,complete,35.6,
366,2025-03-13 22:17:04,2025-03-13 23:07:04,EQ003,OP013,PIT05,STK08,7.2,50,58.75,complete,16.65,
367,2025-03-24 16:50:54,2025-03-24 17:48:54,EQ003,OP020,PIT05,STK05,7.11,58,103.8,complete,30.75,
368,2025-05-12 00:06:38,2025-05-12 00:39:38,EQ013,OP012,PIT04,STK01,3.99,33,154.16,complete,6.43,
369,2025-05-06 20:42:12,2025-05-06 21:27:12,EQ005,OP011,PIT07,STK02,2.29,45,198.08,complete,8.97,
370,2025-05-27 01:51:56,2025-05-27 02:38:56,EQ011,OP012,PIT03,STK04,7.23,47,175.45,complete,22.62,
371,2025-01-11 13:48:07,2025-01-11 14:02:07,EQ015,OP016,PIT03,CRUSHER,4.26,14,64.44,complete,34.03,
372,2025-04-14 06:51:16,2025-04-14 07:44:16,EQ015,OP020,PIT04,CRUSHER,3.26,53,142.47,complete,28.57,
373,2025-01-13 17:50:48,2025-01-13 18:12:48,EQ003,OP013,PIT04,STK08,7.23,22,95.53,complete,15.09,
374,2025-01-22 05:40:38,2025-01-22 06:00:38,EQ005,OP016,PIT08,STK05,1.63,20,34.32,complete,12.15,
375,2025-01-05 09:44:39,2025-01-05 10:12:39,EQ016,OP012,PIT07,STK07,3.65,28,183.64,complete,30.82,
376,2025-02-06 17:05:11,2025-02-06 17:19:11,EQ017,OP021,PIT03,STK01,3.02,14,70.0,complete,25.25,
377,2025-03-05 08:41:53,2025-03-05 09:22:53,EQ015,OP010,PIT08,CRUSHER,4.75,41,110.63,complete,36.44,
378,2025-02-20 11:43:21,2025-02-20 12:07:21,EQ010,OP025,PIT06,CRUSHER,6.84,24,102.73,complete,10.19,
379,2025-02-02 07:18:29,2025-02-02 08:07:29,EQ006,OP006,PIT06,CRUSHER,6.79,49,47.58,complete,29.25,
380,2025-01-30 19:17:27,2025-01-30 19:37:27,EQ002,OP011,PIT06,STK04,4.81,20,152.37,complete,20.43,
381,2025-02-09 20:05:35,2025-02-09 20:50:35,EQ012,OP005,PIT04,CRUSHER,3.3,45,74.58,complete,23.9,
382,2025-02-28 13:22:13,2025-02-28 13:39:13,EQ016,OP025,PIT03,CRUSHER,1.59,17,131.87,complete,21.03,
383,2025-01-01 20:00:46,2025-01-01 20:57:46,EQ010,OP016,PIT02,CRUSHER,7.22,57,102.41,complete,38.94,
384,2025-04-22 09:45:51,2025-04-22 10:37:51,EQ011,OP023,PIT08,CRUSHER,1.34,52,112.46,complete,21.76,
385,2025-05-12 15:44:52,2025-05-12 16:29:52,EQ001,OP013,PIT02,CRUSHER,5.13,45,149.79,complete,12.71,
386,2025-03-05 08:58:40,2025-03-05 09:11:40,EQ009,OP007,PIT02,STK04,0.67,13,32.28,complete,23.84,
387,2025-05-11 09:41:09,2025-05-11 09:56:09,EQ007,OP016,PIT03,CRUSHER,2.88,15,72.27,complete,26.18,
388,2025-05-10 11:21:23,2025-05-10 11:54:23,EQ014,OP012,PIT03,STK07,3.4,33,72.32,complete,5.43,
389,2025-03-01 19:46:54,2025-03-01 20:24:54,EQ007,OP024,PIT08,STK09,7.16,38,137.98,complete,30.95,
390,2025-03-27 22:13:11,2025-03-27 22:41:11,EQ014,OP005,PIT02,CRUSHER,6.77,28,66.91,complete,25.93,
391,2025-02-28 21:09:34,2025-02-28 21:49:34,EQ003,OP030,PIT04,CRUSHER,7.7,40,60.84,complete,31.46,
392,2025-03-21 12:13:29,2025-03-21 13:03:29,EQ006,OP018,PIT06,CRUSHER,3.97,50,120.54,complete,24.88,
393,2025-02-08 16:36:27,2025-02-08 16:57:27,EQ018,OP016,PIT08,CRUSHER,0.82,21,50.4,complete,33.92,
394,2025-03-01 00:20:37,2025-03-01 01:01:37,EQ008,OP001,PIT02,CRUSHER,6.43,41,176.67,complete,10.39,
395,2025-05-05 09:12:13,2025-05-05 10:02:13,EQ010,OP014,PIT06,STK08,1.85,50,82.56,complete,36.74,
396,2025-01-06 12:33:07,2025-01-06 12:50:07,EQ003,OP020,PIT07,CRUSHER,6.09,17,137.4,complete,25.34,
397,2025-02-20 01:57:17,2025-02-20 02:47:17,EQ012,OP017,PIT03,STK08,6.0,50,154.3,complete,5.61,
398,2025-04-23 22:42:23,2025-04-23 22:55:23,EQ015,OP029,PIT01,CRUSHER,5.7,13,61.33,complete,17.51,
399,2025-03-12 03:08:37,2025-03-12 03:44:37,EQ010,OP010,PIT08,STK06,4.47,36,51.64,complete,37.77,
400,2025-05-29 19:52:50,2025-05-29 20:42:50,EQ020,OP025,PIT01,STK03,1.75,50,116.81,complete,16.29,
401,2025-05-14 00:10:41,2025-05-14 00:39:41,EQ004,OP018,PIT03,CRUSHER,4.85,29,68.28,complete,33.82,
402,2025-04-11 14:51:02,2025-04-11 15:19:02,EQ014,OP011,PIT02,CRUSHER,7.41,28,123.8,complete,10.71,
403,2025-04-08 17:56:03,2025-04-08 18:20:03,EQ014,OP015,PIT01,STK04,7.37,24,124.09,complete,9.08,
404,2025-01-04 08:59:37,2025-01-04 09:39:37,EQ012,OP005,PIT04,CRUSHER,6.63,40,45.89,complete,36.14,
405,2025-05-29 06:35:06,2025-05-29 07:06:06,EQ001,OP024,PIT08,CRUSHER,6.61,31,185.26,complete,12.78,
406,2025-01-28 15:26:33,2025-01-28 16:20:33,EQ005,OP007,PIT06,CRUSHER,1.48,54,67.88,complete,7.75,
407,2025-01-22 16:39:47,2025-01-22 16:53:47,EQ014,OP002,PIT04,CRUSHER,1.97,14,141.4,complete,6.15,
408,2025-04-26 04:24:04,2025-04-26 04:37:04,EQ009,OP002,PIT03,STK08,1.0,13,80.04,complete,28.37,
409,2025-01-25 00:55:11,2025-01-25 01:43:11,EQ006,OP022,PIT02,STK04,3.14,48,203.63,complete,8.18,
410,2025-02-23 20:39:51,2025-02-23 21:26:51,EQ006,OP028,PIT03,CRUSHER,4.25,47,189.04,complete,30.5,
411,2025-04-21 17:29:21,2025-04-21 17:43:21,EQ017,OP007,PIT07,STK02,5.87,14,163.24,complete,38.75,
412,2025-05-27 09:58:40,2025-05-27 10:42:40,EQ007,OP030,PIT08,STK01,4.28,44,138.88,complete,29.77,
413,2025-04-25 10:42:45,2025-04-25 11:03:45,EQ006,OP027,PIT08,STK08,3.16,21,78.05,complete,18.29,
414,2025-02-14 04:28:46,2025-02-14 05:04:46,EQ004,OP015,PIT06,CRUSHER,1.33,36,44.5,complete,9.76,
415,2025-05-17 20:17:02,2025-05-17 20:45:02,EQ003,OP011,PIT04,STK09,4.2,28,68.94,complete,18.47,
416,2025-05-23 22:49:17,2025-05-23 23:18:17,EQ018,OP014,PIT03,STK08,2.68,29,89.22,complete,34.94,
417,2025-01-14 12:24:07,2025-01-14 13:04:07,EQ001,OP022,PIT02,STK06,4.19,40,162.82,complete,8.68,
418,2025-05-08 21:03:26,2025-05-08 21:56:26,EQ005,OP013,PIT07,STK02,3.5,53,107.72,complete,25.67,
419,2025-02-02 18:18:25,2025-02-02 18:32:25,EQ011,OP007,PIT02,STK06,4.96,14,55.76,complete,39.67,
420,2025-03-24 11:15:54,2025-03-24 12:11:54,EQ019,OP019,PIT03,CRUSHER,2.55,56,144.91,complete,32.63,
421,2025-03-19 17:13:57,2025-03-19 17:45:57,EQ016,OP017,PIT07,CRUSHER,2.59,32,156.15,complete,31.88,
422,2025-02-18 16:17:57,2025-02-18 16:58:57,EQ005,OP001,PIT03,STK08,1.25,41,65.36,complete,6.85,
423,2025-05-12 16:12:35,2025-05-12 16:23:35,EQ020,OP022,PIT06,CRUSHER,2.95,11,29.35,complete,15.6,
424,2025-05-28 14:39:20,2025-05-28 14:53:20,EQ015,OP007,PIT02,CRUSHER,2.7,14,154.97,complete,22.43,
425,2025-04-16 07:56:41,2025-04-16 08:27:41,EQ002,OP014,PIT05,STK09,7.1,31,47.14,complete,9.17,
426,2025-03-15 01:51:19,2025-03-15 02:29:19,EQ002,OP006,PIT03,STK08,4.67,38,143.85,complete,35.11,
427,2025-05-18 02:28:27,2025-05-18 02:48:27,EQ005,OP010,PIT06,CRUSHER,5.87,20,144.01,complete,22.06,
428,2025-05-12 01:50:33,2025-05-12 02:31:33,EQ016,OP018,PIT08,CRUSHER,6.91,41,189.74,complete,22.73,
429,2025-04-07 01:25:39,2025-04-07 02:12:39,EQ010,OP011,PIT07,CRUSHER,0.96,47,53.4,complete,25.67,
430,2025-03-13 03:35:41,2025-03-13 04:07:41,EQ013,OP004,PIT02,CRUSHER,3.71,32,71.51,complete,39.72,
431,2025-01-11 23:04:21,2025-01-11 23:56:21,EQ008,OP021,PIT01,STK04,2.84,52,137.4,complete,7.97,
432,2025-03-01 04:59:42,2025-03-01 05:16:42,EQ001,OP018,PIT07,STK06,2.95,17,121.9,complete,21.13,
433,2025-04-21 07:18:07,2025-04-21 08:00:07,EQ001,OP023,PIT04,CRUSHER,4.02,42,120.53,complete,5.78,
434,2025-04-21 18:02:24,2025-04-21 18:36:24,EQ016,OP004,PIT03,STK06,5.68,34,204.24,complete,12.21,
435,2025-05-29 12:42:37,2025-05-29 13:34:37,EQ020,OP010,PIT08,STK06,3.23,52,151.74,complete,20.26,
436,2025-01-15 15:01:19,2025-01-15 15:45:19,EQ009,OP002,PIT01,CRUSHER,2.73,44,30.98,complete,25.07,
437,2025-05-02 06:43:04,2025-05-02 07:40:04,EQ019,OP011,PIT07,STK02,2.55,57,122.25,complete,24.82,
438,2025-03-24 22:27:27,2025-03-24 22:50:27,EQ010,OP017,PIT05,STK06,6.53,23,125.79,complete,20.15,
439,2025-02-08 20:25:34,2025-02-08 21:01:34,EQ020,OP017,PIT06,CRUSHER,3.9,36,204.88,complete,31.72,
440,2025-01-04 14:41:51,2025-01-04 15:31:51,EQ019,OP016,PIT05,STK09,2.1,50,148.38,complete,38.67,
441,2025-04-01 17:45:14,2025-04-01 18:12:14,EQ019,OP024,PIT07,CRUSHER,5.2,27,39.55,complete,23.28,
442,2025-01-29 16:32:07,2025-01-29 16:57:07,EQ014,OP014,PIT03,CRUSHER,2.89,25,83.61,complete,34.06,
443,2025-02-09 12:38:57,2025-02-09 13:14:57,EQ006,OP009,PIT06,CRUSHER,5.65,36,29.71,complete,13.26,
444,2025-01-30 02:52:29,2025-01-30 03:14:29,EQ010,OP015,PIT03,STK01,4.14,22,74.05,complete,39.7,
445,2025-01-08 04:26:59,2025-01-08 04:48:59,EQ005,OP001,PIT06,CRUSHER,2.44,22,166.92,complete,33.12,
446,2025-02-04 04:09:02,2025-02-04 05:00:02,EQ001,OP002,PIT02,CRUSHER,6.95,51,76.72,complete,7.94,
447,2025-01-13 08:18:43,2025-01-13 08:54:43,EQ013,OP027,PIT03,STK06,5.93,36,119.45,complete,9.92,
448,2025-05-23 14:55:36,2025-05-23 15:37:36,EQ016,OP029,PIT02,CRUSHER,1.18,42,185.26,complete,25.99,
449,2025-03-02 20:35:52,2025-03-02 21:06:52,EQ014,OP007,PIT06,STK07,1.58,31,73.89,complete,11.13,
450,2025-03-27 08:06:13,2025-03-27 08:42:13,EQ016,OP018,PIT07,STK05,3.31,36,132.1,complete,38.2,
451,2025-03-24 06:57:50,2025-03-24 07:37:50,EQ005,OP012,PIT06,CRUSHER,4.06,40,85.25,complete,17.87,
452,2025-05-06 07:46:14,2025-05-06 08:34:14,EQ008,OP009,PIT01,STK01,4.65,48,60.14,complete,15.82,
453,2025-03-12 11:01:38,2025-03-12 11:54:38,EQ015,OP013,PIT06,STK02,0.56,53,172.99,complete,38.63,
454,2025-02-19 14:52:23,2025-02-19 15:21:23,EQ010,OP007,PIT05,STK02,6.95,29,66.47,complete,10.61,
455,2025-03-03 14:11:10,2025-03-03 15:10:10,EQ009,OP028,PIT04,STK07,1.1,59,134.78,complete,32.28,
456,2025-05-24 02:23:54,2025-05-24 02:59:54,EQ004,OP027,PIT01,CRUSHER,1.7,36,55.65,complete,14.13,
457,2025-03-23 17:23:55,2025-03-23 18:11:55,EQ015,OP023,PIT01,CRUSHER,0.71,48,181.72,complete,6.82,
458,2025-05-03 08:44:29,2025-05-03 09:22:29,EQ013,OP007,PIT04,STK03,5.21,38,84.76,complete,15.98,
459,2025-01-31 15:30:21,2025-01-31 15:55:21,EQ020,OP022,PIT01,STK09,3.58,25,152.81,complete,37.88,
460,2025-05-23 18:09:01,2025-05-23 18:27:01,EQ019,OP027,PIT08,STK05,2.96,18,102.74,complete,14.86,
461,2025-03-13 09:08:17,2025-03-13 09:29:17,EQ019,OP008,PIT02,CRUSHER,0.66,21,51.22,complete,5.8,
462,2025-04-29 20:08:29,2025-04-29 20:58:29,EQ015,OP007,PIT05,STK04,2.46,50,203.29,complete,34.81,
463,2025-05-01 00:06:27,2025-05-01 00:43:27,EQ003,OP012,PIT06,STK05,1.78,37,150.58,complete,24.85,
464,2025-04-13 02:34:52,2025-04-13 03:11:52,EQ004,OP008,PIT02,CRUSHER,5.85,37,192.71,complete,11.67,
465,2025-02-21 16:35:42,2025-02-21 17:03:42,EQ005,OP014,PIT06,CRUSHER,6.92,28,87.13,complete,26.0,
466,2025-02-24 22:43:22,2025-02-24 23:39:22,EQ006,OP014,PIT02,CRUSHER,6.44,56,78.72,complete,6.01,
467,2025-02-15 17:26:33,2025-02-15 18:15:33,EQ012,OP019,PIT06,STK08,5.63,49,141.53,complete,21.04,
468,2025-01-26 20:46:47,2025-01-26 21:16:47,EQ013,OP023,PIT05,STK07,3.67,30,96.93,complete,25.9,
469,2025-04-19 03:48:28,2025-04-19 04:01:28,EQ008,OP016,PIT04,CRUSHER,7.31,13,177.82,complete,39.89,
470,2025-04-27 03:57:48,2025-04-27 04:52:48,EQ009,OP017,PIT04,STK01,5.15,55,51.83,complete,15.59,
471,2025-03-14 00:31:29,2025-03-14 00:49:29,EQ019,OP006,PIT02,STK09,2.45,18,151.36,complete,22.63,
472,2025-04-01 21:26:00,2025-04-01 21:44:00,EQ017,OP014,PIT04,CRUSHER,1.56,18,33.31,complete,9.09,
473,2025-01-25 19:55:27,2025-01-25 20:36:27,EQ014,OP010,PIT02,CRUSHER,7.27,41,186.34,complete,14.21,
474,2025-02-21 05:12:03,2025-02-21 05:55:03,EQ006,OP011,PIT07,CRUSHER,6.03,43,108.91,complete,22.19,
475,2025-04-18 21:37:54,2025-04-18 22:29:54,EQ007,OP005,PIT03,STK08,0.91,52,61.39,complete,11.41,
476,2025-02-01 18:13:16,2025-02-01 19:08:16,EQ004,OP029,PIT04,CRUSHER,7.45,55,34.69,complete,6.43,
477,2025-05-18 16:18:55,2025-05-18 17:03:55,EQ016,OP004,PIT05,CRUSHER,6.84,45,113.93,complete,35.34,
478,2025-01-19 04:06:16,2025-01-19 04:29:16,EQ006,OP024,PIT04,STK05,4.32,23,183.7,complete,14.55,
479,2025-04-24 17:27:16,2025-04-24 17:50:16,EQ014,OP030,PIT08,STK01,1.08,23,173.82,complete,31.89,
480,2025-03-05 19:39:22,2025-03-05 19:50:22,EQ013,OP012,PIT05,STK05,4.93,11,120.51,complete,38.29,
481,2025-01-30 20:38:44,2025-01-30 20:49:44,EQ016,OP015,PIT01,CRUSHER,5.21,11,34.51,complete,14.43,
482,2025-03-05 23:14:26,2025-03-05 23:26:26,EQ019,OP005,PIT02,CRUSHER,2.09,12,211.02,complete,6.7,
483,2025-03-04 18:05:07,2025-03-04 18:18:07,EQ003,OP013,PIT07,CRUSHER,2.41,13,38.94,complete,13.4,
484,2025-03-19 11:05:21,2025-03-19 11:20:21,EQ006,OP013,PIT06,STK01,6.35,15,87.37,complete,14.97,
485,2025-05-08 00:09:38,2025-05-08 00:28:38,EQ016,OP026,PIT03,CRUSHER,3.74,19,93.45,complete,33.22,
486,2025-05-14 00:09:14,2025-05-14 00:57:14,EQ004,OP027,PIT08,CRUSHER,3.26,48,124.83,complete,12.0,
487,2025-03-17 08:37:41,2025-03-17 09:17:41,EQ003,OP025,PIT08,CRUSHER,3.67,40,67.76,complete,17.89,
488,2025-05-03 11:12:39,2025-05-03 11:49:39,EQ017,OP011,PIT03,STK02,7.8,37,170.61,complete,28.68,
489,2025-05-19 13:46:56,2025-05-19 14:05:56,EQ010,OP015,PIT02,STK08,3.78,19,135.64,complete,36.75,
490,2025-01-29 20:33:23,2025-01-29 20:51:23,EQ017,OP014,PIT07,STK05,2.72,18,95.8,complete,6.67,
491,2025-01-09 18:09:26,2025-01-09 18:51:26,EQ014,OP004,PIT07,CRUSHER,3.98,42,51.71,complete,30.21,
492,2025-03-11 00:33:09,2025-03-11 00:59:09,EQ004,OP024,PIT06,STK02,5.46,26,159.23,complete,11.28,
493,2025-03-18 07:18:50,2025-03-18 07:30:50,EQ010,OP011,PIT05,CRUSHER,4.9,12,82.2,complete,20.92,
494,2025-05-02 03:10:01,2025-05-02 03:36:01,EQ007,OP006,PIT01,STK06,1.09,26,201.89,complete,39.38,
495,2025-05-11 18:18:44,2025-05-11 18:34:44,EQ001,OP013,PIT02,STK07,1.38,16,67.33,complete,11.01,
496,2025-05-15 08:03:02,2025-05-15 08:38:02,EQ020,OP027,PIT06,CRUSHER,7.8,35,42.48,complete,17.63,
497,2025-05-15 01:00:00,2025-05-15 01:53:00,EQ003,OP005,PIT08,CRUSHER,1.51,53,145.44,complete,11.68,
498,2025-05-16 03:44:46,2025-05-16 04:06:46,EQ016,OP021,PIT02,STK01,1.59,22,41.55,complete,13.46,
499,2025-04-15 13:58:35,2025-04-15 14:20:35,EQ015,OP005,PIT07,CRUSHER,4.05,22,164.2,complete,5.76,
500,2025-01-30 14:20:20,2025-01-30 15:17:20,EQ016,OP001,PIT04,CRUSHER,6.95,57,45.82,complete,25.48,
