id_extraction,date_time,pit_id,operator_id,equipment_id,volume_ton,grade_pct,shift,note
1,2025-05-22 13:44:23,PIT01,OP022,EQ024,108.11,0.73,S3,
2,2025-01-22 05:13:50,PIT04,OP007,EQ027,94.47,1.78,S1,
3,2025-02-24 02:06:52,PIT08,OP008,EQ023,110.16,1.57,S3,
4,2025-05-07 15:12:55,PIT01,OP003,EQ028,48.6,0.97,S2,
5,2025-03-19 20:58:59,PIT01,OP006,EQ033,121.46,0.6,S2,
6,2025-03-30 08:29:33,PIT05,OP014,EQ038,80.39,2.06,S2,
7,2025-02-27 14:45:31,PIT04,OP002,EQ039,59.41,2.22,S1,
8,2025-01-12 02:24:34,PIT01,OP019,EQ036,172.12,1.71,S3,
9,2025-04-09 14:39:08,PIT02,OP028,EQ026,59.91,0.75,S1,
10,2025-02-15 16:07:46,PIT07,OP004,EQ039,158.29,1.14,S3,
11,2025-01-16 22:04:13,PIT07,OP022,EQ039,37.55,1.84,S2,
12,2025-02-09 15:55:00,PIT06,OP008,EQ029,207.59,1.47,S3,
13,2025-03-30 18:49:15,PIT06,OP030,EQ023,152.65,0.62,S3,
14,2025-01-20 09:56:47,PIT02,OP018,EQ027,219.71,1.71,S1,
15,2025-01-14 08:35:26,PIT04,OP012,EQ030,207.32,0.95,S3,
16,2025-04-29 18:37:29,PIT01,OP022,EQ038,163.67,1.26,S3,
17,2025-01-27 01:50:31,PIT05,OP004,EQ024,49.68,2.23,S1,
18,2025-04-28 10:42:40,PIT04,OP023,EQ031,81.75,1.05,S3,
19,2025-04-09 03:22:36,PIT08,OP009,EQ022,192.05,0.8,S2,
20,2025-01-09 13:27:33,PIT01,OP011,EQ025,187.58,2.0,S2,
21,2025-03-27 19:06:09,PIT07,OP018,EQ021,60.7,0.85,S3,
22,2025-04-16 22:38:06,PIT01,OP027,EQ032,201.75,1.88,S1,
23,2025-01-09 02:56:11,PIT05,OP012,EQ022,111.66,2.58,S1,
24,2025-05-10 12:08:05,PIT02,OP012,EQ038,159.59,2.55,S2,
25,2025-05-26 12:49:07,PIT03,OP030,EQ028,215.03,2.5,S1,
26,2025-01-05 19:30:46,PIT03,OP024,EQ031,197.47,2.32,S2,
27,2025-05-23 17:36:59,PIT04,OP009,EQ026,182.42,2.33,S1,
28,2025-01-08 12:28:11,PIT08,OP008,EQ027,102.68,2.4,S2,
29,2025-02-14 04:40:18,PIT04,OP001,EQ027,96.44,1.48,S2,
30,2025-05-31 03:57:48,PIT05,OP012,EQ037,194.23,1.48,S3,
31,2025-01-06 08:37:40,PIT02,OP029,EQ029,92.92,0.99,S2,
32,2025-04-26 20:13:24,PIT07,OP012,EQ031,37.27,1.56,S3,
33,2025-04-22 23:05:42,PIT04,OP009,EQ022,51.97,2.16,S1,
34,2025-04-15 13:22:05,PIT04,OP012,EQ034,128.78,0.75,S3,
35,2025-05-02 00:06:52,PIT06,OP022,EQ024,204.95,2.18,S2,
36,2025-05-10 11:56:46,PIT07,OP011,EQ033,126.35,2.13,S3,
37,2025-03-23 15:25:18,PIT07,OP022,EQ026,54.18,1.95,S2,
38,2025-01-01 01:53:30,PIT05,OP010,EQ027,107.15,1.55,S3,
39,2025-03-04 13:47:24,PIT08,OP015,EQ035,145.27,2.09,S3,
40,2025-05-23 21:49:44,PIT03,OP022,EQ023,119.91,1.22,S3,
41,2025-03-07 02:05:25,PIT02,OP027,EQ028,150.26,2.08,S1,
42,2025-01-29 14:43:09,PIT01,OP002,EQ028,183.25,2.76,S3,
43,2025-01-15 03:24:14,PIT08,OP014,EQ039,191.45,1.03,S3,
44,2025-03-19 14:31:02,PIT04,OP005,EQ021,102.96,2.56,S1,
45,2025-02-12 11:52:25,PIT03,OP026,EQ037,177.9,1.62,S3,
46,2025-01-24 13:34:19,PIT08,OP005,EQ035,77.35,2.07,S3,
47,2025-05-27 15:43:12,PIT08,OP020,EQ037,143.14,1.54,S3,
48,2025-01-31 21:43:46,PIT08,OP015,EQ029,114.72,2.25,S3,
49,2025-04-12 05:25:59,PIT08,OP021,EQ028,82.69,1.2,S1,
50,2025-02-15 12:49:09,PIT05,OP011,EQ031,165.57,2.56,S1,
51,2025-02-14 21:45:23,PIT07,OP023,EQ025,56.29,2.15,S1,
52,2025-03-06 06:01:08,PIT08,OP014,EQ022,108.82,1.06,S2,
53,2025-05-30 11:30:29,PIT01,OP028,EQ039,104.0,1.44,S1,
54,2025-02-27 23:38:08,PIT07,OP028,EQ034,209.12,1.78,S3,
55,2025-04-28 03:21:38,PIT04,OP016,EQ028,133.77,1.2,S2,
56,2025-03-07 06:28:37,PIT07,OP024,EQ026,35.51,2.45,S1,
57,2025-04-14 17:11:47,PIT01,OP030,EQ033,216.34,1.9,S3,
58,2025-05-05 19:25:49,PIT07,OP005,EQ035,35.15,1.0,S2,
59,2025-02-11 02:24:30,PIT08,OP011,EQ031,102.03,2.27,S2,
60,2025-03-23 20:38:04,PIT05,OP027,EQ023,82.87,1.63,S3,
61,2025-03-09 22:56:00,PIT04,OP021,EQ023,132.49,2.32,S3,
62,2025-01-07 00:36:36,PIT04,OP007,EQ021,37.65,1.97,S1,
63,2025-05-10 23:54:15,PIT02,OP019,EQ027,53.98,1.62,S2,
64,2025-02-02 13:57:14,PIT02,OP025,EQ026,175.71,2.72,S1,
65,2025-03-02 13:49:34,PIT07,OP013,EQ027,139.95,0.77,S3,
66,2025-02-17 03:45:36,PIT02,OP023,EQ030,187.81,2.47,S3,
67,2025-04-20 21:26:12,PIT01,OP012,EQ038,183.05,1.54,S2,
68,2025-05-06 17:46:13,PIT06,OP001,EQ034,43.1,2.41,S1,
69,2025-03-12 07:55:06,PIT08,OP023,EQ025,112.37,1.56,S3,
70,2025-05-07 07:21:04,PIT05,OP020,EQ038,129.13,2.3,S2,
71,2025-05-22 22:49:44,PIT05,OP011,EQ028,112.76,2.43,S1,
72,2025-03-29 12:53:22,PIT04,OP025,EQ035,83.0,1.85,S3,
73,2025-01-06 13:45:06,PIT08,OP028,EQ031,102.01,1.0,S1,
74,2025-02-20 04:00:34,PIT06,OP009,EQ040,97.42,2.14,S2,
75,2025-04-11 07:39:26,PIT04,OP003,EQ028,135.6,2.18,S2,
76,2025-02-16 15:59:26,PIT08,OP021,EQ036,135.48,1.59,S1,
77,2025-02-13 00:42:50,PIT07,OP023,EQ028,47.68,1.27,S3,
78,2025-04-18 11:22:15,PIT06,OP014,EQ038,100.11,1.33,S3,
79,2025-03-01 12:58:00,PIT05,OP008,EQ024,116.21,2.19,S2,
80,2025-04-15 01:18:25,PIT03,OP007,EQ027,52.72,2.22,S2,
81,2025-05-28 14:49:32,PIT05,OP004,EQ027,167.67,1.25,S2,
82,2025-01-03 17:56:10,PIT03,OP009,EQ022,64.09,2.74,S3,
83,2025-01-25 12:30:18,PIT08,OP004,EQ021,85.51,1.86,S2,
84,2025-03-08 03:48:17,PIT03,OP002,EQ029,120.96,2.67,S2,
85,2025-01-13 16:31:20,PIT07,OP016,EQ023,51.68,1.87,S3,
86,2025-01-29 23:18:40,PIT05,OP003,EQ028,40.19,0.86,S2,
87,2025-05-01 02:02:18,PIT04,OP025,EQ037,145.2,1.44,S2,
88,2025-04-25 06:43:33,PIT07,OP010,EQ039,86.5,1.97,S3,
89,2025-01-20 06:27:43,PIT04,OP021,EQ027,212.42,1.18,S1,
90,2025-02-03 18:01:47,PIT02,OP006,EQ021,59.84,1.5,S3,
91,2025-02-26 13:22:00,PIT01,OP008,EQ030,142.82,2.16,S3,
92,2025-01-14 19:43:18,PIT04,OP030,EQ029,193.33,2.33,S3,
93,2025-02-08 09:54:15,PIT07,OP004,EQ038,142.06,1.09,S1,
94,2025-01-28 14:52:08,PIT02,OP002,EQ026,202.6,2.34,S3,
95,2025-04-21 12:41:49,PIT05,OP015,EQ024,172.3,1.63,S2,
96,2025-02-22 20:45:33,PIT08,OP015,EQ023,162.95,1.92,S2,
97,2025-04-28 05:30:34,PIT05,OP001,EQ023,169.56,1.1,S3,
98,2025-04-22 16:37:19,PIT01,OP025,EQ029,188.83,1.87,S1,
99,2025-05-07 12:15:15,PIT08,OP030,EQ029,119.4,1.0,S3,
100,2025-04-06 11:36:29,PIT02,OP016,EQ032,112.82,1.5,S2,
101,2025-02-01 05:29:53,PIT06,OP014,EQ036,157.33,1.23,S2,
102,2025-04-17 19:38:09,PIT01,OP015,EQ023,184.58,1.29,S2,
103,2025-05-31 00:20:03,PIT07,OP028,EQ037,52.03,2.41,S1,
104,2025-04-16 08:40:09,PIT08,OP014,EQ022,154.96,1.01,S2,
105,2025-04-07 19:08:46,PIT08,OP025,EQ022,148.3,1.05,S3,
106,2025-02-25 22:18:47,PIT08,OP029,EQ036,54.89,0.87,S3,
107,2025-02-16 11:12:25,PIT03,OP010,EQ038,145.69,0.63,S2,
108,2025-01-23 00:46:01,PIT08,OP004,EQ025,47.71,1.7,S3,
109,2025-05-17 23:27:23,PIT05,OP014,EQ036,85.45,2.76,S1,
110,2025-01-29 02:04:49,PIT07,OP007,EQ040,116.79,1.72,S1,
111,2025-02-23 15:24:22,PIT07,OP011,EQ037,194.17,1.19,S1,
112,2025-02-27 23:22:15,PIT08,OP028,EQ025,83.74,1.58,S2,
113,2025-04-18 04:07:17,PIT07,OP015,EQ031,95.57,2.51,S3,
114,2025-03-16 08:46:24,PIT04,OP028,EQ034,75.37,0.7,S3,
115,2025-03-16 00:39:57,PIT07,OP022,EQ025,119.87,1.69,S1,
116,2025-04-25 14:26:24,PIT06,OP028,EQ024,53.99,2.52,S2,
117,2025-03-30 17:26:21,PIT01,OP024,EQ025,48.95,1.5,S3,
118,2025-01-15 12:43:29,PIT08,OP026,EQ029,214.29,1.34,S3,
119,2025-01-16 14:17:47,PIT06,OP028,EQ038,105.52,1.44,S2,
120,2025-05-28 11:04:08,PIT08,OP028,EQ038,149.09,0.68,S1,
121,2025-05-13 21:31:59,PIT05,OP008,EQ023,74.61,1.55,S1,
122,2025-05-17 16:22:08,PIT02,OP015,EQ026,174.47,2.13,S1,
123,2025-01-11 21:32:04,PIT05,OP012,EQ032,38.74,1.55,S1,
124,2025-04-20 21:24:57,PIT03,OP006,EQ026,130.92,0.77,S2,
125,2025-02-16 18:20:53,PIT08,OP030,EQ039,147.74,0.91,S2,
126,2025-03-31 05:45:13,PIT05,OP022,EQ021,151.2,2.58,S2,
127,2025-05-12 13:53:44,PIT03,OP003,EQ035,201.23,2.68,S3,
128,2025-03-24 09:25:22,PIT05,OP015,EQ030,86.84,1.04,S2,
129,2025-01-21 17:02:24,PIT04,OP013,EQ039,192.13,1.39,S2,
130,2025-02-27 07:52:30,PIT01,OP027,EQ033,218.61,1.2,S3,
131,2025-05-25 14:24:29,PIT01,OP030,EQ040,194.36,2.24,S2,
132,2025-02-14 16:25:45,PIT06,OP008,EQ027,177.39,1.97,S3,
133,2025-05-30 00:40:22,PIT03,OP021,EQ024,173.56,2.59,S3,
134,2025-03-27 14:23:05,PIT01,OP019,EQ032,37.49,2.21,S1,
135,2025-03-05 10:37:17,PIT07,OP006,EQ027,202.83,0.89,S3,
136,2025-03-13 01:01:10,PIT05,OP027,EQ026,196.53,1.17,S2,
137,2025-02-27 07:27:31,PIT06,OP026,EQ024,213.8,1.63,S1,
138,2025-02-13 19:26:26,PIT07,OP028,EQ038,56.74,1.4,S2,
139,2025-04-15 04:36:29,PIT02,OP015,EQ032,32.64,2.08,S3,
140,2025-03-15 23:42:27,PIT06,OP004,EQ028,79.81,1.64,S3,
141,2025-04-20 00:20:52,PIT06,OP030,EQ040,198.0,1.09,S1,
142,2025-04-01 03:38:36,PIT05,OP021,EQ034,150.73,0.86,S1,
143,2025-03-01 02:26:30,PIT08,OP004,EQ024,209.79,1.12,S3,
144,2025-03-30 02:07:59,PIT06,OP022,EQ038,55.78,1.52,S3,
145,2025-03-22 13:30:07,PIT02,OP027,EQ036,168.05,1.95,S2,
146,2025-03-13 22:47:41,PIT04,OP015,EQ035,36.22,2.69,S2,
147,2025-05-14 03:30:05,PIT06,OP018,EQ032,48.88,0.73,S2,
148,2025-01-24 17:18:19,PIT08,OP003,EQ027,66.06,2.01,S3,
149,2025-01-10 19:42:46,PIT06,OP008,EQ025,214.51,2.33,S1,
150,2025-05-29 13:53:30,PIT04,OP019,EQ027,43.04,2.39,S1,
151,2025-01-29 15:39:08,PIT01,OP009,EQ025,92.43,2.77,S3,
152,2025-02-03 21:12:55,PIT02,OP022,EQ021,77.62,0.89,S2,
153,2025-02-16 04:50:29,PIT06,OP001,EQ026,180.1,1.18,S1,
154,2025-04-13 03:44:10,PIT02,OP024,EQ023,170.93,1.65,S2,
155,2025-01-22 04:13:42,PIT08,OP017,EQ028,127.52,2.68,S1,
156,2025-05-08 22:42:39,PIT05,OP015,EQ021,168.18,0.73,S2,
157,2025-03-24 18:34:44,PIT02,OP016,EQ035,190.99,0.76,S1,
158,2025-01-29 19:17:08,PIT02,OP005,EQ029,91.2,1.97,S3,
159,2025-03-05 03:28:26,PIT07,OP020,EQ037,134.19,1.25,S3,
160,2025-01-20 06:12:18,PIT02,OP028,EQ038,145.03,2.19,S1,
161,2025-02-14 08:51:26,PIT07,OP011,EQ035,111.71,1.48,S3,
162,2025-03-24 20:51:51,PIT06,OP022,EQ029,48.07,1.42,S1,
163,2025-04-03 02:14:54,PIT02,OP003,EQ023,160.5,0.81,S1,
164,2025-03-14 08:39:36,PIT03,OP018,EQ022,171.47,1.89,S3,
165,2025-05-11 02:29:17,PIT02,OP014,EQ032,136.72,2.52,S2,
166,2025-05-21 00:23:10,PIT01,OP010,EQ040,194.94,1.29,S1,
167,2025-02-11 07:26:04,PIT03,OP022,EQ036,139.8,1.09,S1,
168,2025-04-19 00:23:06,PIT06,OP004,EQ029,96.52,1.86,S2,
169,2025-05-30 00:29:41,PIT01,OP020,EQ029,190.58,0.66,S2,
170,2025-03-01 23:58:22,PIT06,OP012,EQ021,163.51,1.0,S1,
171,2025-03-19 19:47:25,PIT02,OP005,EQ021,137.6,0.8,S3,
172,2025-03-23 12:33:40,PIT08,OP011,EQ026,70.88,1.41,S3,
173,2025-04-21 05:10:39,PIT02,OP029,EQ022,91.63,0.94,S3,
174,2025-01-16 20:11:50,PIT05,OP015,EQ034,39.45,1.67,S2,
175,2025-02-11 20:37:27,PIT02,OP012,EQ034,108.69,0.84,S3,
176,2025-04-05 11:52:22,PIT05,OP002,EQ028,158.91,1.47,S3,
177,2025-02-09 16:40:50,PIT05,OP007,EQ025,40.41,2.28,S2,
178,2025-01-02 12:01:26,PIT08,OP024,EQ034,92.34,0.99,S2,
179,2025-02-14 16:23:37,PIT06,OP003,EQ033,131.19,2.5,S1,
180,2025-03-31 06:36:36,PIT02,OP028,EQ031,112.88,1.87,S3,
181,2025-05-05 07:16:35,PIT07,OP010,EQ024,106.84,1.49,S2,
182,2025-05-01 00:40:21,PIT08,OP027,EQ032,62.66,0.79,S1,
183,2025-04-25 08:20:20,PIT07,OP017,EQ023,76.23,1.47,S2,
184,2025-02-13 00:36:02,PIT06,OP025,EQ026,171.7,0.77,S3,
185,2025-04-10 00:32:55,PIT04,OP029,EQ032,51.67,1.37,S3,
186,2025-02-15 21:05:33,PIT02,OP005,EQ029,184.86,1.03,S3,
187,2025-05-28 09:54:23,PIT02,OP006,EQ036,59.05,1.62,S3,
188,2025-03-29 04:03:00,PIT06,OP028,EQ031,174.38,0.93,S1,
189,2025-05-03 14:28:04,PIT05,OP026,EQ029,119.1,1.9,S2,
190,2025-03-02 06:36:19,PIT08,OP015,EQ022,126.39,0.73,S2,
191,2025-01-18 12:48:43,PIT07,OP015,EQ039,44.58,1.82,S3,
192,2025-03-29 07:54:39,PIT04,OP011,EQ040,200.22,1.65,S1,
193,2025-03-29 11:35:23,PIT02,OP026,EQ031,211.97,2.76,S1,
194,2025-02-03 12:10:58,PIT01,OP008,EQ035,125.86,2.78,S3,
195,2025-01-31 19:48:39,PIT06,OP012,EQ030,129.32,1.45,S2,
196,2025-01-11 04:02:27,PIT06,OP003,EQ031,158.99,0.81,S3,
197,2025-02-18 22:23:07,PIT03,OP011,EQ023,103.45,1.88,S1,
198,2025-03-02 05:47:04,PIT07,OP005,EQ040,204.18,2.16,S1,
199,2025-03-15 03:27:10,PIT06,OP027,EQ025,88.82,2.07,S3,
200,2025-04-13 05:10:14,PIT02,OP021,EQ034,219.46,1.72,S1,
201,2025-02-05 00:05:09,PIT04,OP011,EQ036,98.89,1.02,S1,
202,2025-02-27 10:29:27,PIT02,OP017,EQ038,59.44,2.44,S3,
203,2025-03-07 09:26:08,PIT03,OP020,EQ033,37.17,0.94,S1,
204,2025-05-30 17:34:34,PIT03,OP024,EQ035,187.96,0.7,S2,
205,2025-02-16 02:58:15,PIT08,OP020,EQ030,158.51,2.26,S2,
206,2025-02-16 10:36:21,PIT05,OP026,EQ036,74.46,2.59,S1,
207,2025-04-21 18:20:49,PIT08,OP015,EQ030,99.89,2.31,S3,
208,2025-02-01 11:14:44,PIT04,OP026,EQ040,130.22,0.9,S2,
209,2025-04-04 07:42:53,PIT06,OP018,EQ024,39.91,2.17,S3,
210,2025-02-25 08:29:23,PIT02,OP025,EQ026,191.72,1.2,S3,
211,2025-03-26 22:46:11,PIT02,OP030,EQ028,58.0,2.4,S2,
212,2025-03-22 13:33:35,PIT01,OP013,EQ037,206.79,1.42,S2,
213,2025-03-14 19:13:10,PIT04,OP001,EQ031,218.96,2.65,S3,
214,2025-01-29 08:38:20,PIT03,OP002,EQ030,153.49,2.62,S2,
215,2025-01-27 22:49:14,PIT08,OP015,EQ040,162.25,0.61,S1,
216,2025-02-11 21:01:26,PIT03,OP018,EQ040,33.61,1.76,S1,
217,2025-02-16 03:29:01,PIT05,OP004,EQ022,177.47,1.12,S3,
218,2025-03-30 18:18:13,PIT02,OP004,EQ036,180.84,1.91,S1,
219,2025-04-22 15:54:55,PIT04,OP023,EQ025,150.07,1.24,S1,
220,2025-02-16 17:06:38,PIT07,OP006,EQ023,146.81,1.75,S2,
221,2025-04-13 03:36:52,PIT01,OP013,EQ036,42.86,0.7,S2,
222,2025-02-19 06:05:45,PIT01,OP012,EQ023,216.4,1.36,S3,
223,2025-01-21 03:06:31,PIT06,OP005,EQ022,154.85,1.38,S2,
224,2025-02-03 23:58:28,PIT08,OP023,EQ036,184.57,1.99,S1,
225,2025-05-31 17:18:33,PIT08,OP002,EQ030,41.99,1.04,S1,
226,2025-03-03 06:46:59,PIT05,OP017,EQ033,198.3,2.78,S3,
227,2025-01-08 02:39:54,PIT04,OP010,EQ032,119.95,2.5,S1,
228,2025-03-06 10:52:52,PIT05,OP004,EQ032,194.5,1.56,S2,
229,2025-03-17 01:53:42,PIT06,OP006,EQ036,171.23,2.12,S2,
230,2025-04-11 20:00:03,PIT05,OP026,EQ023,205.62,2.2,S1,
231,2025-02-05 00:59:17,PIT05,OP011,EQ024,111.82,0.78,S3,
232,2025-03-28 14:07:05,PIT07,OP006,EQ035,86.17,1.37,S1,
233,2025-03-10 11:02:43,PIT07,OP009,EQ022,168.09,0.77,S3,
234,2025-04-10 15:09:14,PIT03,OP001,EQ025,107.18,2.47,S3,
235,2025-01-07 18:10:29,PIT03,OP003,EQ028,178.45,2.31,S2,
236,2025-04-21 03:33:05,PIT01,OP020,EQ025,98.81,2.09,S2,
237,2025-05-29 04:13:53,PIT02,OP019,EQ025,100.68,1.76,S2,
238,2025-02-24 02:47:18,PIT04,OP004,EQ021,89.73,2.22,S2,
239,2025-04-20 01:35:04,PIT02,OP009,EQ029,128.37,2.15,S1,
240,2025-02-25 10:53:04,PIT08,OP007,EQ024,219.31,0.9,S1,
241,2025-05-19 12:32:40,PIT08,OP003,EQ031,115.89,2.07,S3,
242,2025-04-16 06:42:06,PIT05,OP029,EQ030,42.34,2.47,S3,
243,2025-05-16 23:15:29,PIT03,OP026,EQ032,164.82,1.72,S1,
244,2025-01-27 23:12:47,PIT04,OP026,EQ036,217.18,0.66,S3,
245,2025-04-01 18:16:08,PIT03,OP020,EQ023,138.73,0.74,S2,
246,2025-05-20 14:10:31,PIT08,OP017,EQ034,219.92,2.29,S3,
247,2025-03-03 13:27:21,PIT02,OP015,EQ035,44.01,2.1,S2,
248,2025-04-18 01:15:36,PIT03,OP025,EQ025,54.38,1.55,S1,
249,2025-04-11 14:31:51,PIT03,OP010,EQ026,187.96,0.96,S3,
250,2025-04-11 18:14:20,PIT05,OP028,EQ023,72.84,1.15,S3,
251,2025-02-23 07:02:04,PIT03,OP021,EQ030,211.71,1.95,S1,
252,2025-02-02 17:54:00,PIT03,OP006,EQ040,125.49,2.19,S3,
253,2025-04-20 10:39:01,PIT01,OP027,EQ021,94.15,0.78,S3,
254,2025-02-21 09:23:09,PIT04,OP025,EQ039,176.49,1.52,S3,
255,2025-05-02 18:47:46,PIT05,OP021,EQ030,35.75,1.66,S3,
256,2025-03-30 01:40:07,PIT02,OP023,EQ022,107.16,0.95,S2,
257,2025-02-09 14:48:58,PIT06,OP020,EQ025,122.01,1.29,S3,
258,2025-03-09 01:32:36,PIT07,OP005,EQ032,90.67,1.73,S1,
259,2025-04-01 13:55:11,PIT02,OP009,EQ035,90.63,1.15,S1,
260,2025-03-16 14:16:04,PIT07,OP008,EQ026,39.62,2.39,S3,
261,2025-02-06 20:41:27,PIT03,OP016,EQ037,167.01,1.63,S2,
262,2025-01-18 11:39:33,PIT07,OP017,EQ035,124.5,2.73,S1,
263,2025-01-10 10:45:48,PIT01,OP010,EQ036,140.84,1.91,S3,
264,2025-02-25 11:41:02,PIT01,OP028,EQ024,157.78,1.55,S2,
265,2025-05-29 07:49:49,PIT07,OP012,EQ022,168.23,1.48,S3,
266,2025-03-12 09:28:59,PIT05,OP003,EQ033,136.75,1.71,S3,
267,2025-05-02 00:30:58,PIT02,OP005,EQ024,83.15,1.47,S2,
268,2025-03-12 23:50:57,PIT03,OP007,EQ040,135.99,1.72,S3,
269,2025-01-08 13:21:08,PIT03,OP023,EQ031,37.65,2.37,S3,
270,2025-04-28 17:22:43,PIT03,OP011,EQ040,116.83,1.3,S2,
271,2025-05-24 13:28:40,PIT05,OP019,EQ031,218.22,1.72,S3,
272,2025-05-18 14:58:00,PIT05,OP016,EQ021,131.14,1.41,S3,
273,2025-03-22 21:13:06,PIT05,OP026,EQ021,50.82,1.91,S2,
274,2025-05-31 17:10:37,PIT04,OP024,EQ022,213.74,1.88,S1,
275,2025-05-21 00:57:20,PIT07,OP005,EQ028,129.6,0.67,S3,
276,2025-01-04 16:15:16,PIT08,OP011,EQ034,50.88,0.93,S3,
277,2025-04-08 10:38:54,PIT08,OP028,EQ022,68.74,2.15,S3,
278,2025-03-05 02:50:26,PIT08,OP017,EQ033,69.39,1.29,S1,
279,2025-04-14 12:33:07,PIT06,OP018,EQ032,117.34,2.09,S3,
280,2025-05-15 15:04:27,PIT05,OP020,EQ036,159.34,1.02,S1,
281,2025-02-27 23:06:24,PIT04,OP010,EQ030,83.01,2.15,S3,
282,2025-03-03 13:31:01,PIT08,OP012,EQ038,163.95,2.65,S3,
283,2025-01-24 15:58:28,PIT07,OP029,EQ033,81.96,2.4,S1,
284,2025-02-25 20:27:16,PIT02,OP012,EQ035,85.19,2.04,S3,
285,2025-02-09 05:42:18,PIT05,OP030,EQ038,121.03,2.13,S1,
286,2025-05-24 20:48:07,PIT04,OP008,EQ022,50.75,2.07,S3,
287,2025-02-15 05:05:49,PIT01,OP004,EQ034,72.88,1.33,S2,
288,2025-05-30 16:01:48,PIT03,OP001,EQ038,49.1,2.75,S1,
289,2025-04-03 08:55:15,PIT08,OP021,EQ027,107.31,2.26,S2,
290,2025-05-06 10:06:08,PIT01,OP030,EQ023,91.02,2.04,S1,
291,2025-05-21 09:58:21,PIT01,OP030,EQ026,131.68,1.52,S1,
292,2025-01-08 01:21:21,PIT07,OP026,EQ036,207.45,1.01,S3,
293,2025-02-26 05:00:49,PIT01,OP001,EQ030,212.8,1.85,S1,
294,2025-03-07 01:24:33,PIT05,OP015,EQ038,206.41,1.75,S1,
295,2025-04-01 21:08:05,PIT05,OP007,EQ024,191.7,1.33,S3,
296,2025-02-19 22:56:28,PIT03,OP001,EQ031,117.19,2.34,S3,
297,2025-02-07 12:11:48,PIT03,OP020,EQ033,158.14,2.42,S3,
298,2025-03-19 20:01:05,PIT02,OP006,EQ025,92.31,1.65,S1,
299,2025-03-16 11:35:10,PIT04,OP015,EQ029,31.3,2.7,S2,
300,2025-04-22 05:48:07,PIT01,OP009,EQ032,140.67,2.12,S1,
301,2025-04-01 08:53:52,PIT05,OP006,EQ033,156.88,2.11,S3,
302,2025-05-15 00:59:10,PIT02,OP021,EQ030,176.27,1.41,S1,
303,2025-01-26 22:28:32,PIT08,OP005,EQ035,71.63,2.25,S3,
304,2025-05-17 07:16:51,PIT08,OP025,EQ038,100.99,2.36,S1,
305,2025-05-13 02:37:23,PIT02,OP017,EQ035,174.75,1.76,S2,
306,2025-04-20 13:13:00,PIT02,OP002,EQ038,44.84,2.59,S1,
307,2025-01-30 02:21:45,PIT03,OP011,EQ037,138.81,1.57,S3,
308,2025-04-24 05:39:54,PIT08,OP003,EQ037,69.03,1.58,S1,
309,2025-04-10 15:54:29,PIT07,OP015,EQ039,116.15,0.73,S2,
310,2025-03-01 20:10:27,PIT01,OP013,EQ029,157.83,2.4,S3,
311,2025-01-15 04:20:32,PIT01,OP014,EQ032,71.4,2.14,S3,
312,2025-01-14 09:39:09,PIT08,OP002,EQ030,218.88,1.5,S1,
313,2025-05-22 14:44:07,PIT07,OP012,EQ033,175.51,1.59,S2,
314,2025-05-13 13:45:14,PIT03,OP021,EQ032,101.37,0.86,S3,
315,2025-01-25 17:28:49,PIT04,OP027,EQ021,104.68,2.26,S2,
316,2025-05-20 15:13:14,PIT07,OP018,EQ033,117.97,2.41,S1,
317,2025-01-31 02:55:04,PIT05,OP007,EQ024,117.52,0.67,S3,
318,2025-05-29 18:04:04,PIT01,OP008,EQ027,109.66,0.75,S3,
319,2025-04-27 01:52:46,PIT01,OP008,EQ022,36.38,1.48,S1,
320,2025-05-27 11:41:31,PIT01,OP005,EQ037,132.55,2.79,S1,
321,2025-05-23 01:07:06,PIT06,OP019,EQ040,185.0,2.3,S2,
322,2025-01-28 19:38:31,PIT04,OP014,EQ030,75.01,1.21,S3,
323,2025-05-23 18:20:12,PIT03,OP021,EQ034,210.22,1.82,S1,
324,2025-05-05 22:04:12,PIT07,OP026,EQ037,214.74,1.3,S2,
325,2025-02-28 05:34:54,PIT07,OP006,EQ038,107.57,1.64,S1,
326,2025-05-18 09:32:48,PIT03,OP026,EQ035,87.14,2.61,S3,
327,2025-03-22 21:04:02,PIT03,OP013,EQ028,108.41,1.16,S2,
328,2025-03-29 08:09:30,PIT06,OP003,EQ038,152.87,2.19,S1,
329,2025-03-15 05:43:48,PIT01,OP028,EQ023,39.79,1.01,S3,
330,2025-04-19 12:25:55,PIT04,OP016,EQ027,167.62,2.51,S2,
331,2025-01-03 23:27:36,PIT04,OP030,EQ027,87.61,2.72,S1,
332,2025-05-27 11:26:09,PIT08,OP030,EQ028,171.91,2.13,S3,
333,2025-02-16 11:21:47,PIT06,OP025,EQ030,68.86,1.44,S3,
334,2025-03-01 21:21:07,PIT05,OP012,EQ037,153.26,2.54,S2,
335,2025-05-21 06:41:28,PIT08,OP025,EQ031,48.74,2.61,S2,
336,2025-01-09 21:02:57,PIT04,OP024,EQ025,89.46,0.64,S3,
337,2025-04-23 11:00:05,PIT07,OP010,EQ025,207.6,1.03,S1,
338,2025-02-17 17:11:05,PIT08,OP018,EQ031,102.17,1.17,S2,
339,2025-05-05 14:30:46,PIT08,OP015,EQ026,213.64,2.21,S2,
340,2025-05-20 20:54:15,PIT08,OP006,EQ038,62.16,2.78,S1,
341,2025-01-15 10:24:17,PIT01,OP025,EQ021,129.55,1.51,S3,
342,2025-05-18 07:38:56,PIT03,OP001,EQ027,73.97,1.71,S2,
343,2025-05-04 20:01:50,PIT08,OP022,EQ036,41.49,0.63,S3,
344,2025-01-03 07:13:46,PIT01,OP017,EQ029,134.81,1.78,S2,
345,2025-05-16 12:15:32,PIT07,OP026,EQ026,33.26,0.84,S1,
346,2025-02-16 18:59:46,PIT04,OP020,EQ037,129.63,1.16,S2,
347,2025-03-19 01:40:17,PIT02,OP012,EQ033,80.79,1.61,S1,
348,2025-02-13 20:34:15,PIT05,OP022,EQ023,218.14,2.04,S3,
349,2025-01-19 03:44:38,PIT07,OP013,EQ033,174.32,1.82,S1,
350,2025-05-17 11:29:44,PIT03,OP003,EQ036,150.98,2.46,S3,
351,2025-04-20 21:04:58,PIT02,OP029,EQ037,179.03,2.62,S1,
352,2025-05-15 10:17:40,PIT08,OP009,EQ022,70.17,2.63,S3,
353,2025-04-16 10:42:23,PIT01,OP006,EQ031,205.86,0.63,S1,
354,2025-05-27 01:45:35,PIT07,OP030,EQ023,141.54,1.26,S3,
355,2025-03-17 13:36:04,PIT06,OP013,EQ025,75.69,2.34,S3,
356,2025-04-08 05:51:49,PIT06,OP002,EQ024,167.59,1.56,S1,
357,2025-05-30 07:49:33,PIT07,OP025,EQ031,94.71,0.67,S2,
358,2025-03-29 11:42:57,PIT08,OP008,EQ032,178.87,1.82,S2,
359,2025-05-12 23:36:27,PIT07,OP003,EQ040,112.05,1.25,S1,
360,2025-01-16 22:19:29,PIT05,OP005,EQ033,165.49,2.17,S3,
361,2025-03-17 15:46:12,PIT06,OP012,EQ024,59.31,0.8,S2,
362,2025-05-28 20:07:54,PIT05,OP004,EQ025,114.5,0.79,S2,
363,2025-04-18 17:16:32,PIT07,OP004,EQ021,115.28,0.8,S3,
364,2025-04-27 03:05:09,PIT06,OP028,EQ033,47.68,0.63,S2,
365,2025-01-17 10:43:42,PIT04,OP019,EQ037,103.68,0.97,S2,
366,2025-02-22 05:15:11,PIT05,OP009,EQ036,62.21,0.92,S1,
367,2025-03-23 18:28:44,PIT05,OP016,EQ023,112.59,1.39,S1,
368,2025-04-07 06:36:24,PIT04,OP015,EQ024,166.97,0.9,S1,
369,2025-03-06 12:14:39,PIT07,OP026,EQ031,210.28,1.57,S2,
370,2025-05-07 10:03:05,PIT03,OP010,EQ031,184.94,1.93,S3,
371,2025-03-03 00:12:00,PIT03,OP013,EQ031,68.16,1.24,S3,
372,2025-04-22 19:47:31,PIT04,OP011,EQ033,150.25,1.22,S2,
373,2025-04-20 11:44:01,PIT04,OP019,EQ038,99.35,1.0,S3,
374,2025-05-22 05:03:35,PIT08,OP023,EQ027,35.11,1.56,S2,
375,2025-01-14 10:18:09,PIT07,OP022,EQ036,187.94,0.91,S2,
376,2025-05-08 21:35:30,PIT03,OP023,EQ034,75.98,2.34,S1,
377,2025-04-27 02:34:25,PIT08,OP019,EQ033,115.32,1.78,S3,
378,2025-01-08 03:20:17,PIT06,OP023,EQ038,109.48,1.91,S1,
379,2025-02-18 04:50:24,PIT06,OP006,EQ040,50.78,0.7,S3,
380,2025-03-19 14:21:13,PIT06,OP026,EQ034,158.72,0.83,S1,
381,2025-04-10 03:55:25,PIT04,OP015,EQ032,79.16,1.46,S3,
382,2025-04-08 04:20:22,PIT03,OP012,EQ021,141.83,1.66,S2,
383,2025-01-17 16:06:44,PIT02,OP027,EQ025,109.04,1.37,S2,
384,2025-02-10 04:04:17,PIT08,OP012,EQ036,116.51,0.81,S3,
385,2025-03-03 22:13:33,PIT02,OP010,EQ022,162.39,2.38,S1,
386,2025-03-08 14:51:32,PIT02,OP022,EQ026,34.29,2.65,S3,
387,2025-02-03 21:00:39,PIT03,OP011,EQ038,76.34,1.54,S2,
388,2025-03-20 15:39:28,PIT03,OP006,EQ034,74.05,1.47,S3,
389,2025-02-08 07:35:54,PIT08,OP019,EQ034,146.68,1.46,S3,
390,2025-02-24 01:10:51,PIT02,OP019,EQ024,70.81,2.36,S3,
391,2025-03-05 07:11:59,PIT04,OP015,EQ024,65.52,1.18,S2,
392,2025-05-05 02:27:42,PIT06,OP020,EQ033,130.27,1.94,S3,
393,2025-03-10 08:22:07,PIT08,OP020,EQ026,51.7,2.39,S3,
394,2025-04-30 07:42:19,PIT02,OP022,EQ025,182.12,1.29,S1,
395,2025-02-05 13:02:57,PIT06,OP023,EQ025,88.02,1.72,S2,
396,2025-04-22 14:47:25,PIT07,OP014,EQ026,143.32,1.67,S3,
397,2025-05-06 07:07:47,PIT03,OP018,EQ026,161.75,1.68,S1,
398,2025-03-29 13:49:00,PIT01,OP028,EQ032,65.55,2.69,S2,
399,2025-03-16 13:18:34,PIT08,OP014,EQ036,55.94,1.51,S2,
400,2025-01-17 01:16:22,PIT01,OP026,EQ028,122.85,1.24,S2,
401,2025-02-26 01:18:04,PIT03,OP025,EQ035,72.72,1.84,S2,
402,2025-01-22 23:36:05,PIT02,OP009,EQ038,134.45,2.41,S2,
403,2025-05-27 22:52:46,PIT01,OP025,EQ035,132.99,1.8,S2,
404,2025-05-07 22:19:51,PIT04,OP010,EQ022,49.46,1.59,S2,
405,2025-01-17 21:22:12,PIT08,OP028,EQ024,193.82,2.31,S1,
406,2025-05-24 05:31:32,PIT06,OP028,EQ040,69.88,1.99,S1,
407,2025-02-10 02:55:02,PIT04,OP026,EQ022,147.07,1.85,S3,
408,2025-04-15 14:50:36,PIT03,OP011,EQ030,83.41,1.24,S2,
409,2025-04-10 21:20:51,PIT02,OP005,EQ034,210.96,2.62,S2,
410,2025-01-25 15:20:30,PIT03,OP008,EQ025,194.74,2.17,S1,
411,2025-05-12 07:28:53,PIT07,OP016,EQ025,174.68,1.87,S2,
412,2025-03-14 20:25:47,PIT08,OP003,EQ023,149.28,1.49,S3,
413,2025-03-13 15:59:46,PIT08,OP016,EQ031,82.86,1.88,S3,
414,2025-03-31 00:31:42,PIT06,OP028,EQ023,47.7,2.35,S2,
415,2025-03-25 10:16:55,PIT04,OP016,EQ029,71.39,1.31,S2,
416,2025-04-23 05:21:57,PIT03,OP019,EQ036,94.17,2.33,S3,
417,2025-01-09 22:06:34,PIT02,OP021,EQ035,174.83,0.64,S1,
418,2025-01-01 03:09:00,PIT07,OP007,EQ025,113.84,2.54,S2,
419,2025-02-23 05:01:23,PIT02,OP021,EQ032,60.21,1.15,S2,
420,2025-05-07 00:08:43,PIT03,OP002,EQ033,156.26,1.98,S3,
421,2025-02-15 11:11:21,PIT07,OP021,EQ023,162.89,2.15,S1,
422,2025-01-16 03:13:14,PIT03,OP019,EQ028,70.55,1.74,S2,
423,2025-05-16 01:43:02,PIT06,OP027,EQ024,31.76,2.77,S2,
424,2025-04-03 18:14:40,PIT02,OP008,EQ033,161.87,0.8,S1,
425,2025-03-13 08:57:41,PIT05,OP005,EQ033,49.61,2.3,S1,
426,2025-05-12 11:41:15,PIT03,OP003,EQ037,151.9,1.84,S3,
427,2025-03-27 11:00:43,PIT06,OP024,EQ027,153.5,1.98,S1,
428,2025-04-30 15:07:20,PIT08,OP028,EQ027,204.78,0.79,S1,
429,2025-01-24 21:57:15,PIT07,OP012,EQ034,56.6,1.29,S1,
430,2025-05-06 04:08:58,PIT02,OP008,EQ038,77.08,1.92,S3,
431,2025-05-15 01:51:06,PIT01,OP028,EQ030,145.44,1.05,S3,
432,2025-05-26 05:12:14,PIT07,OP010,EQ022,126.81,2.32,S1,
433,2025-01-22 21:25:24,PIT04,OP016,EQ040,124.03,0.76,S1,
434,2025-03-03 10:52:10,PIT03,OP013,EQ039,217.51,1.53,S3,
435,2025-05-29 02:33:37,PIT08,OP025,EQ023,159.76,0.64,S1,
436,2025-02-11 21:26:05,PIT01,OP030,EQ022,32.62,2.69,S2,
437,2025-05-03 01:21:06,PIT07,OP014,EQ033,126.26,0.78,S3,
438,2025-01-30 15:32:32,PIT05,OP003,EQ030,132.15,0.77,S1,
439,2025-01-31 04:06:35,PIT06,OP013,EQ039,215.12,2.0,S3,
440,2025-01-13 20:07:07,PIT05,OP023,EQ034,159.4,2.21,S1,
441,2025-01-17 17:46:50,PIT07,OP004,EQ035,41.0,1.95,S1,
442,2025-05-25 00:32:32,PIT03,OP004,EQ021,88.77,2.16,S3,
443,2025-04-07 09:27:06,PIT06,OP017,EQ037,32.16,2.32,S3,
444,2025-03-14 05:02:13,PIT03,OP024,EQ029,79.26,2.21,S1,
445,2025-01-06 16:48:36,PIT06,OP026,EQ034,176.57,1.2,S1,
446,2025-04-22 23:23:29,PIT02,OP016,EQ035,79.96,1.72,S1,
447,2025-04-21 01:52:51,PIT03,OP012,EQ026,124.93,1.16,S1,
448,2025-05-11 21:37:44,PIT02,OP008,EQ037,199.91,0.61,S1,
449,2025-04-02 14:34:56,PIT06,OP013,EQ025,76.46,0.99,S1,
450,2025-05-19 15:34:41,PIT07,OP008,EQ031,135.04,1.15,S3,
451,2025-01-16 02:58:48,PIT06,OP004,EQ037,90.79,2.08,S1,
452,2025-04-11 03:40:53,PIT01,OP013,EQ023,64.08,2.53,S2,
453,2025-03-02 07:57:23,PIT06,OP003,EQ038,176.97,1.6,S2,
454,2025-04-20 11:31:47,PIT05,OP024,EQ040,68.13,1.13,S2,
455,2025-04-06 19:13:38,PIT04,OP024,EQ038,142.42,2.27,S1,
456,2025-03-21 14:54:24,PIT01,OP008,EQ038,58.61,1.36,S3,
457,2025-03-07 01:17:38,PIT01,OP025,EQ033,196.67,2.47,S3,
458,2025-02-09 20:16:30,PIT04,OP014,EQ036,88.43,2.71,S1,
459,2025-01-19 01:32:08,PIT01,OP030,EQ028,165.21,2.57,S3,
460,2025-03-14 07:56:18,PIT08,OP024,EQ023,108.48,1.88,S3,
461,2025-03-18 13:48:36,PIT02,OP019,EQ039,55.37,0.74,S3,
462,2025-02-15 23:26:10,PIT05,OP009,EQ031,213.2,2.64,S2,
463,2025-05-23 18:59:33,PIT06,OP011,EQ035,163.14,1.2,S1,
464,2025-01-27 10:19:37,PIT02,OP005,EQ024,209.28,0.96,S2,
465,2025-01-24 10:40:26,PIT06,OP025,EQ027,89.67,1.59,S2,
466,2025-01-24 06:50:15,PIT02,OP006,EQ030,80.35,2.42,S3,
467,2025-02-11 18:04:10,PIT06,OP005,EQ023,144.63,2.16,S2,
468,2025-01-10 12:07:35,PIT05,OP009,EQ026,105.29,0.67,S2,
469,2025-04-18 22:55:56,PIT04,OP004,EQ035,192.37,0.82,S1,
470,2025-01-12 23:23:57,PIT04,OP005,EQ027,53.08,2.41,S2,
471,2025-05-06 04:26:59,PIT02,OP019,EQ039,160.39,1.17,S1,
472,2025-01-13 12:27:41,PIT04,OP029,EQ035,34.14,2.38,S1,
473,2025-03-06 09:08:04,PIT02,OP002,EQ035,201.96,0.71,S3,
474,2025-05-21 16:05:32,PIT07,OP016,EQ021,112.3,1.44,S2,
475,2025-02-11 16:38:58,PIT03,OP009,EQ029,62.83,1.58,S1,
476,2025-05-01 05:34:18,PIT04,OP021,EQ030,36.58,1.7,S3,
477,2025-01-18 00:48:43,PIT05,OP013,EQ025,121.02,1.52,S3,
478,2025-04-13 02:28:16,PIT04,OP021,EQ038,198.08,2.35,S2,
479,2025-03-11 17:35:01,PIT08,OP018,EQ036,178.56,1.36,S3,
480,2025-03-17 09:59:16,PIT05,OP006,EQ021,125.45,1.3,S1,
481,2025-02-24 13:14:28,PIT01,OP026,EQ036,35.57,1.76,S3,
482,2025-01-31 23:54:19,PIT02,OP008,EQ028,219.93,1.19,S3,
483,2025-02-12 14:31:55,PIT07,OP012,EQ026,40.62,0.99,S3,
484,2025-05-24 07:49:08,PIT06,OP030,EQ039,90.42,0.66,S3,
485,2025-04-21 05:26:49,PIT03,OP019,EQ027,96.82,2.44,S2,
486,2025-02-04 02:09:13,PIT08,OP002,EQ023,133.0,0.72,S3,
487,2025-04-13 05:25:40,PIT08,OP001,EQ031,71.57,2.62,S1,
488,2025-03-08 04:03:08,PIT03,OP030,EQ031,183.22,0.73,S1,
489,2025-01-28 12:08:57,PIT02,OP028,EQ037,141.46,2.49,S1,
490,2025-05-09 13:47:38,PIT07,OP019,EQ024,100.98,1.34,S2,
491,2025-01-31 14:01:16,PIT07,OP026,EQ036,55.93,2.03,S1,
492,2025-04-20 03:00:14,PIT06,OP008,EQ039,164.36,2.39,S2,
493,2025-05-14 16:38:07,PIT05,OP005,EQ026,88.3,2.2,S3,
494,2025-03-18 00:59:41,PIT01,OP006,EQ040,210.25,1.3,S3,
495,2025-04-20 19:39:18,PIT02,OP030,EQ036,71.97,0.91,S3,
496,2025-03-09 08:15:08,PIT06,OP006,EQ023,44.78,2.41,S3,
497,2025-03-07 04:42:21,PIT08,OP001,EQ029,151.43,1.06,S3,
498,2025-02-19 20:06:45,PIT02,OP024,EQ021,42.88,0.71,S2,
499,2025-02-02 07:11:35,PIT07,OP016,EQ033,169.19,1.37,S2,
500,2025-04-04 02:34:54,PIT04,OP006,EQ035,49.27,0.76,S1,
