id_delivery,date_ship,buyer_id,truck_id,volume_ton,grade_pct,contract_id,delivery_status,price_per_ton,note
1,2025-05-05 04:53:08,BY03,EQ009,42.63,1.67,CT057,pending,27.77,
2,2025-05-26 14:26:36,BY01,EQ011,68.67,2.46,CT094,pending,77.7,
3,2025-04-25 12:42:21,BY03,EQ019,147.91,1.06,CT012,pending,37.17,
4,2025-05-29 02:50:44,BY06,EQ009,130.28,1.7,CT105,pending,68.27,
5,2025-05-30 12:01:17,BY01,EQ011,165.2,2.42,CT047,pending,72.31,
6,2025-03-04 09:12:48,BY04,EQ008,195.37,1.53,CT043,delivered,67.44,
7,2025-02-19 14:03:12,BY05,EQ001,50.98,0.95,CT083,pending,49.91,
8,2025-01-10 07:50:27,BY05,EQ002,196.64,2.34,CT066,pending,21.13,
9,2025-01-07 05:31:20,BY05,EQ011,217.59,2.12,CT063,pending,60.24,
10,2025-05-23 14:42:34,BY01,EQ019,211.01,0.87,CT072,delivered,57.22,
11,2025-01-18 00:51:09,BY05,EQ015,75.06,1.8,CT025,delivered,73.7,
12,2025-02-23 18:17:02,BY04,EQ015,262.03,2.3,CT095,delivered,65.53,
13,2025-05-06 19:09:09,BY05,EQ011,79.17,1.52,CT100,rejected,71.76,
14,2025-01-05 04:07:13,BY04,EQ019,357.22,1.23,CT080,pending,21.32,
15,2025-03-24 22:39:41,BY02,EQ009,53.3,2.24,CT075,rejected,73.74,
16,2025-05-07 22:03:21,BY06,EQ007,57.74,2.09,CT074,pending,82.53,
17,2025-04-23 00:20:39,BY02,EQ007,136.82,2.09,CT027,pending,32.71,
18,2025-04-27 21:09:26,BY01,EQ005,141.94,1.67,CT009,pending,80.94,
19,2025-05-08 19:16:50,BY02,EQ007,296.32,1.25,CT055,pending,36.31,
20,2025-05-30 23:23:24,BY03,EQ001,212.59,0.95,CT116,pending,28.62,
21,2025-01-05 22:29:02,BY04,EQ007,233.27,1.38,CT058,pending,47.94,
22,2025-03-15 21:16:52,BY05,EQ004,109.57,0.87,CT023,rejected,83.93,
23,2025-01-24 15:10:50,BY02,EQ007,287.54,0.92,CT063,rejected,62.34,
24,2025-03-03 12:45:57,BY04,EQ007,101.87,1.08,CT012,rejected,45.19,
25,2025-01-22 17:55:19,BY04,EQ001,202.34,0.71,CT103,pending,48.02,
26,2025-03-10 20:56:01,BY03,EQ010,109.4,2.21,CT056,rejected,41.05,
27,2025-01-17 09:34:20,BY06,EQ013,121.53,2.28,CT003,pending,71.07,
28,2025-01-09 19:26:13,BY02,EQ008,245.01,1.02,CT002,delivered,56.3,
29,2025-04-02 05:29:09,BY01,EQ002,183.06,1.77,CT027,rejected,66.27,
30,2025-03-22 13:27:50,BY02,EQ014,94.7,1.01,CT120,rejected,87.57,
31,2025-05-10 20:13:04,BY02,EQ012,48.7,2.28,CT015,delivered,22.1,
32,2025-03-20 09:09:55,BY06,EQ012,184.93,2.34,CT034,rejected,42.48,
33,2025-03-06 09:17:03,BY01,EQ016,28.15,0.76,CT112,delivered,83.95,
34,2025-03-15 05:07:07,BY05,EQ017,226.3,1.01,CT013,delivered,44.41,
35,2025-03-23 12:47:45,BY01,EQ004,180.97,2.44,CT060,pending,79.93,
36,2025-01-27 02:22:28,BY05,EQ001,113.21,1.26,CT061,pending,28.97,
37,2025-03-12 23:44:20,BY05,EQ004,95.92,1.56,CT096,rejected,33.74,
38,2025-01-26 04:56:50,BY02,EQ008,19.44,1.89,CT096,delivered,70.21,
39,2025-04-30 10:10:32,BY01,EQ008,252.13,1.11,CT024,rejected,66.16,
40,2025-03-31 17:46:16,BY06,EQ019,101.29,1.64,CT074,pending,73.19,
41,2025-03-23 22:45:36,BY03,EQ005,61.07,1.74,CT120,delivered,72.36,
42,2025-05-03 16:46:31,BY01,EQ007,221.04,2.46,CT002,delivered,64.42,
43,2025-02-16 04:21:54,BY02,EQ013,268.34,1.28,CT074,pending,53.87,
44,2025-05-03 02:00:52,BY05,EQ013,125.42,1.51,CT028,pending,63.49,
45,2025-01-23 21:04:36,BY06,EQ009,135.29,1.88,CT066,pending,43.61,
46,2025-02-19 13:42:41,BY03,EQ016,63.98,2.09,CT059,rejected,26.76,
47,2025-05-29 05:05:34,BY05,EQ009,303.92,0.81,CT047,pending,64.96,
48,2025-01-25 12:15:57,BY01,EQ008,78.11,2.46,CT107,delivered,28.42,
49,2025-01-25 12:35:49,BY03,EQ010,241.0,1.51,CT071,delivered,87.64,
50,2025-02-05 11:02:07,BY04,EQ017,259.91,1.05,CT108,rejected,35.53,
51,2025-05-23 09:56:56,BY06,EQ012,177.69,1.65,CT100,delivered,59.4,
52,2025-01-10 03:00:48,BY05,EQ012,294.64,1.67,CT089,rejected,31.67,
53,2025-05-13 02:52:45,BY02,EQ020,248.22,1.11,CT120,rejected,30.64,
54,2025-04-29 09:14:50,BY04,EQ007,156.68,1.2,CT052,pending,47.28,
55,2025-03-23 19:13:59,BY04,EQ015,131.47,1.28,CT093,pending,20.02,
56,2025-04-18 22:01:01,BY06,EQ010,89.82,1.08,CT094,rejected,61.58,
57,2025-05-27 15:20:42,BY04,EQ005,76.61,0.96,CT106,delivered,73.52,
58,2025-02-17 01:57:35,BY04,EQ006,60.52,1.86,CT051,rejected,33.54,
59,2025-01-14 16:42:04,BY02,EQ009,285.35,0.95,CT052,delivered,70.82,
60,2025-05-11 13:13:32,BY02,EQ007,178.27,1.5,CT087,pending,73.24,
61,2025-01-23 18:37:13,BY05,EQ010,220.46,1.64,CT099,rejected,61.89,
62,2025-03-27 02:29:43,BY03,EQ004,159.22,1.67,CT079,pending,30.76,
63,2025-05-27 11:03:39,BY06,EQ011,162.53,2.28,CT006,pending,78.66,
64,2025-05-02 17:33:28,BY04,EQ014,46.38,1.75,CT113,rejected,68.4,
65,2025-05-28 06:40:39,BY03,EQ008,213.15,1.64,CT012,rejected,62.23,
66,2025-03-12 09:36:09,BY02,EQ016,223.07,2.21,CT056,pending,23.97,
67,2025-05-30 12:12:23,BY03,EQ009,176.78,2.33,CT082,rejected,43.02,
68,2025-02-18 18:54:19,BY03,EQ003,191.26,0.72,CT092,pending,36.99,
69,2025-04-25 18:39:11,BY04,EQ009,82.21,0.89,CT100,rejected,54.15,
70,2025-04-20 19:58:50,BY04,EQ020,32.72,1.63,CT119,rejected,46.78,
71,2025-04-25 15:11:52,BY06,EQ004,292.69,1.74,CT016,delivered,45.25,
72,2025-04-28 05:56:19,BY04,EQ013,310.42,1.99,CT006,pending,65.3,
73,2025-03-31 11:13:04,BY05,EQ017,37.08,0.77,CT052,rejected,72.11,
74,2025-01-05 23:29:37,BY02,EQ019,25.42,1.03,CT081,pending,26.92,
75,2025-01-06 12:14:06,BY06,EQ015,231.71,2.23,CT033,pending,77.29,
76,2025-02-18 07:01:51,BY03,EQ015,225.05,2.11,CT042,pending,68.94,
77,2025-05-30 05:59:15,BY02,EQ007,160.08,1.71,CT111,rejected,65.38,
78,2025-05-27 06:43:18,BY03,EQ006,297.68,2.22,CT110,delivered,43.36,
79,2025-05-24 15:59:39,BY02,EQ011,186.92,2.19,CT013,rejected,26.33,
80,2025-05-01 17:47:48,BY04,EQ006,57.14,2.06,CT026,pending,79.92,
81,2025-03-07 10:32:22,BY04,EQ012,25.99,2.06,CT022,pending,21.11,
82,2025-03-02 07:09:48,BY05,EQ018,152.59,1.23,CT072,rejected,32.45,
83,2025-01-15 17:53:03,BY02,EQ003,80.26,0.86,CT077,rejected,48.32,
84,2025-05-20 00:16:49,BY03,EQ018,77.07,1.34,CT018,pending,27.25,
85,2025-02-27 01:43:49,BY05,EQ019,197.7,2.45,CT042,delivered,50.98,
86,2025-04-17 09:48:19,BY02,EQ009,94.86,0.75,CT029,rejected,88.83,
87,2025-02-13 20:27:23,BY04,EQ007,203.15,0.96,CT038,delivered,87.52,
88,2025-04-04 20:13:00,BY04,EQ014,129.16,1.7,CT073,delivered,48.86,
89,2025-04-23 19:10:11,BY04,EQ019,217.89,2.3,CT050,rejected,38.3,
90,2025-03-12 16:13:05,BY03,EQ014,287.55,1.37,CT116,delivered,42.41,
91,2025-05-15 14:32:30,BY02,EQ011,225.11,2.25,CT090,delivered,75.69,
92,2025-01-19 18:17:18,BY05,EQ016,256.04,1.66,CT014,rejected,35.95,
93,2025-05-17 08:13:49,BY06,EQ018,257.93,2.18,CT029,pending,38.84,
94,2025-03-31 08:52:06,BY05,EQ015,159.45,1.59,CT056,delivered,86.72,
95,2025-04-19 17:35:48,BY04,EQ018,129.87,1.87,CT115,pending,53.36,
96,2025-01-13 09:13:17,BY06,EQ012,149.77,0.82,CT093,pending,59.88,
97,2025-05-22 07:36:35,BY01,EQ020,96.46,1.58,CT091,delivered,89.03,
98,2025-03-29 18:59:36,BY03,EQ018,224.84,1.95,CT039,pending,36.28,
99,2025-04-09 15:14:29,BY04,EQ005,102.86,2.08,CT088,rejected,42.01,
100,2025-04-29 08:54:57,BY01,EQ012,155.68,1.76,CT100,delivered,62.97,
101,2025-05-22 19:49:08,BY02,EQ007,177.27,1.15,CT077,delivered,78.5,
102,2025-04-07 02:45:03,BY06,EQ004,185.31,1.3,CT013,pending,60.18,
103,2025-03-17 05:39:11,BY04,EQ013,336.81,1.95,CT018,pending,32.81,
104,2025-02-04 10:47:41,BY06,EQ014,34.71,2.28,CT064,delivered,32.92,
105,2025-02-14 00:13:11,BY03,EQ003,134.26,1.31,CT097,delivered,56.67,
106,2025-04-28 16:54:27,BY01,EQ018,76.7,0.81,CT048,delivered,31.8,
107,2025-04-13 17:52:56,BY01,EQ001,66.09,1.29,CT040,delivered,76.0,
108,2025-03-14 18:51:44,BY01,EQ006,183.41,1.04,CT080,pending,32.73,
109,2025-03-09 00:58:19,BY01,EQ005,30.85,1.78,CT074,delivered,82.4,
110,2025-05-30 21:42:15,BY02,EQ017,249.95,0.97,CT105,pending,22.12,
111,2025-04-15 09:21:00,BY01,EQ010,19.75,2.38,CT014,pending,67.81,
112,2025-02-02 12:04:19,BY01,EQ016,298.02,1.05,CT020,rejected,84.4,
113,2025-05-08 20:46:35,BY05,EQ013,28.82,2.11,CT015,rejected,58.81,
114,2025-03-13 00:15:19,BY02,EQ008,103.62,2.43,CT063,delivered,75.58,
115,2025-01-12 09:12:30,BY04,EQ019,168.4,0.88,CT067,delivered,66.45,
116,2025-04-13 09:34:14,BY05,EQ019,178.36,1.96,CT067,pending,72.98,
117,2025-02-24 20:49:56,BY03,EQ005,211.08,1.51,CT026,pending,86.1,
118,2025-03-26 11:53:38,BY04,EQ003,178.39,1.58,CT063,delivered,42.51,
119,2025-03-17 11:58:46,BY03,EQ016,195.43,2.49,CT099,pending,73.96,
120,2025-04-13 10:33:42,BY01,EQ007,195.04,2.4,CT040,rejected,72.35,
121,2025-02-03 15:54:37,BY06,EQ011,64.35,2.03,CT069,delivered,23.3,
122,2025-02-06 13:15:26,BY03,EQ018,87.06,0.79,CT106,rejected,81.16,
123,2025-04-12 17:56:40,BY02,EQ017,170.31,1.37,CT090,delivered,83.75,
124,2025-02-06 01:26:59,BY02,EQ011,132.77,0.83,CT027,pending,34.47,
125,2025-01-04 00:40:02,BY01,EQ013,149.81,1.07,CT089,delivered,84.7,
126,2025-02-16 16:17:11,BY06,EQ011,202.62,2.47,CT050,delivered,46.02,
127,2025-01-09 16:34:54,BY02,EQ005,245.97,1.78,CT080,rejected,38.07,
128,2025-05-13 02:52:25,BY05,EQ010,49.42,1.07,CT113,rejected,71.56,
129,2025-05-15 00:56:37,BY01,EQ014,232.15,2.18,CT049,pending,78.98,
130,2025-04-05 19:15:13,BY03,EQ020,104.48,0.72,CT089,pending,22.93,
131,2025-01-26 00:39:45,BY06,EQ008,35.0,0.83,CT015,delivered,31.12,
132,2025-01-13 21:54:50,BY02,EQ018,206.85,1.29,CT095,pending,86.87,
133,2025-05-15 23:01:27,BY04,EQ010,31.66,1.67,CT037,rejected,38.3,
134,2025-03-18 16:23:47,BY02,EQ003,103.03,1.7,CT064,delivered,28.9,
135,2025-04-02 01:29:52,BY04,EQ004,117.57,0.9,CT005,pending,32.91,
136,2025-01-14 02:06:30,BY02,EQ014,309.45,1.81,CT057,rejected,29.99,
137,2025-01-08 23:18:56,BY06,EQ017,188.84,2.08,CT025,delivered,70.74,
138,2025-01-03 18:13:43,BY02,EQ011,159.03,2.25,CT033,delivered,44.51,
139,2025-05-06 01:53:14,BY01,EQ013,118.63,1.38,CT038,rejected,24.46,
140,2025-02-07 17:41:08,BY03,EQ015,19.02,0.75,CT057,delivered,79.04,
141,2025-02-25 21:16:32,BY05,EQ006,225.51,0.96,CT041,delivered,27.8,
142,2025-04-11 14:16:31,BY05,EQ001,59.1,1.81,CT022,rejected,85.3,
143,2025-01-28 20:41:43,BY01,EQ008,94.11,0.71,CT001,rejected,24.09,
144,2025-04-21 02:12:02,BY01,EQ008,110.01,2.07,CT005,rejected,58.19,
145,2025-04-03 12:18:59,BY05,EQ013,53.01,1.21,CT079,pending,51.48,
146,2025-05-13 14:27:24,BY04,EQ020,220.14,1.15,CT082,pending,53.54,
147,2025-03-30 04:50:00,BY05,EQ012,222.06,1.1,CT037,rejected,71.17,
148,2025-03-17 10:18:59,BY03,EQ006,198.67,1.36,CT003,pending,76.38,
149,2025-03-31 07:26:19,BY04,EQ018,133.97,2.23,CT052,delivered,78.81,
150,2025-03-20 19:07:46,BY04,EQ014,185.26,1.53,CT058,pending,86.67,
151,2025-03-07 14:16:05,BY03,EQ013,246.74,0.94,CT068,delivered,37.22,
152,2025-04-21 08:52:24,BY02,EQ020,68.62,1.35,CT060,rejected,80.37,
153,2025-03-14 18:46:19,BY06,EQ010,321.23,1.08,CT019,pending,27.61,
154,2025-02-28 07:35:38,BY05,EQ014,289.97,0.79,CT028,pending,58.62,
155,2025-03-16 14:55:24,BY05,EQ014,131.95,1.02,CT057,delivered,68.58,
156,2025-05-10 12:24:54,BY02,EQ009,226.05,2.47,CT088,rejected,73.85,
157,2025-04-22 16:00:59,BY02,EQ005,49.69,1.44,CT060,delivered,80.76,
158,2025-04-05 12:06:59,BY03,EQ020,209.6,2.38,CT079,rejected,71.47,
159,2025-05-12 07:16:15,BY01,EQ003,264.73,0.85,CT002,delivered,43.21,
160,2025-03-11 06:19:31,BY02,EQ005,188.59,2.42,CT040,delivered,45.41,
161,2025-04-24 07:04:01,BY04,EQ016,231.78,1.31,CT023,pending,41.23,
162,2025-02-01 00:46:47,BY02,EQ006,116.51,1.45,CT069,rejected,48.68,
163,2025-05-03 01:52:21,BY04,EQ009,130.19,1.94,CT116,delivered,88.33,
164,2025-01-29 11:25:16,BY04,EQ004,129.81,2.06,CT018,pending,53.1,
165,2025-05-29 23:07:21,BY01,EQ019,173.5,1.94,CT105,pending,85.17,
166,2025-02-05 07:24:22,BY04,EQ001,180.83,2.45,CT086,rejected,44.07,
167,2025-01-17 12:10:39,BY03,EQ003,152.32,1.02,CT080,pending,67.42,
168,2025-01-22 13:09:58,BY06,EQ007,34.5,2.43,CT042,pending,69.8,
169,2025-01-17 03:08:48,BY03,EQ020,88.21,2.47,CT064,delivered,63.53,
170,2025-02-02 19:52:38,BY03,EQ009,151.21,1.05,CT036,rejected,83.3,
171,2025-03-03 20:37:56,BY02,EQ002,179.94,1.87,CT090,pending,38.42,
172,2025-03-07 12:56:49,BY01,EQ009,172.92,2.05,CT098,rejected,52.07,
173,2025-04-18 01:07:24,BY01,EQ005,95.5,2.27,CT119,rejected,20.75,
174,2025-02-28 18:43:58,BY04,EQ007,137.75,2.33,CT049,pending,22.52,
175,2025-05-16 07:35:05,BY04,EQ011,120.85,1.36,CT066,pending,48.5,
176,2025-03-09 05:35:28,BY06,EQ009,92.84,1.69,CT063,pending,38.67,
177,2025-05-11 10:51:06,BY01,EQ011,126.69,2.25,CT115,delivered,21.61,
178,2025-05-28 23:28:21,BY01,EQ008,143.06,0.83,CT048,delivered,30.78,
179,2025-01-17 23:15:11,BY01,EQ001,120.75,2.0,CT095,pending,80.91,
180,2025-01-31 08:08:55,BY05,EQ015,137.14,1.84,CT043,rejected,27.41,
181,2025-05-17 17:33:56,BY02,EQ007,80.67,2.35,CT119,delivered,32.99,
182,2025-01-18 18:49:16,BY01,EQ014,149.43,2.12,CT030,delivered,23.5,
183,2025-03-04 05:11:43,BY06,EQ017,191.08,1.05,CT105,delivered,69.58,
184,2025-05-18 03:28:31,BY02,EQ016,228.55,1.22,CT087,rejected,80.55,
185,2025-02-05 21:49:34,BY05,EQ001,210.95,0.84,CT026,pending,30.07,
186,2025-02-06 18:24:51,BY06,EQ004,63.07,1.97,CT010,delivered,33.09,
187,2025-02-14 05:13:52,BY02,EQ013,236.77,1.84,CT076,pending,62.11,
188,2025-02-25 10:04:28,BY02,EQ014,31.87,1.15,CT045,rejected,36.85,
189,2025-05-13 17:29:07,BY03,EQ010,68.53,2.06,CT009,delivered,24.39,
190,2025-05-23 07:37:39,BY01,EQ020,213.98,2.06,CT056,delivered,67.18,
191,2025-03-28 14:11:37,BY01,EQ003,215.11,1.27,CT099,pending,68.87,
192,2025-01-13 19:01:03,BY05,EQ009,243.96,2.01,CT041,pending,45.07,
193,2025-03-13 22:23:28,BY04,EQ010,295.64,2.07,CT041,rejected,89.94,
194,2025-04-25 00:41:09,BY02,EQ002,197.34,1.94,CT053,pending,81.6,
195,2025-03-20 07:14:32,BY04,EQ015,235.53,1.51,CT019,rejected,72.54,
196,2025-01-05 18:05:03,BY02,EQ011,248.73,1.39,CT112,rejected,30.46,
197,2025-03-26 08:21:48,BY06,EQ006,115.11,0.97,CT024,delivered,26.64,
198,2025-01-30 02:35:01,BY03,EQ011,131.94,1.06,CT064,pending,31.08,
199,2025-04-17 16:03:25,BY03,EQ008,174.44,1.04,CT078,rejected,54.94,
200,2025-02-01 00:49:05,BY04,EQ002,75.2,1.34,CT014,delivered,86.71,
201,2025-04-29 00:38:08,BY03,EQ005,38.02,1.12,CT064,delivered,49.14,
202,2025-03-01 19:25:11,BY06,EQ006,123.67,1.31,CT040,rejected,63.29,
203,2025-04-27 08:04:55,BY02,EQ017,36.21,1.21,CT093,pending,76.5,
204,2025-03-13 18:18:34,BY05,EQ016,226.83,0.81,CT058,pending,49.19,
205,2025-03-05 08:12:18,BY06,EQ008,195.46,2.34,CT116,pending,64.37,
206,2025-04-03 11:11:43,BY03,EQ018,321.98,1.31,CT102,pending,68.88,
207,2025-03-04 11:50:57,BY06,EQ019,46.92,2.45,CT030,rejected,61.5,
208,2025-02-18 08:53:08,BY04,EQ019,58.75,1.55,CT003,pending,55.77,
209,2025-05-26 16:08:58,BY02,EQ020,112.71,1.28,CT068,pending,52.39,
210,2025-05-22 07:55:07,BY03,EQ003,116.29,1.51,CT100,delivered,75.39,
211,2025-01-28 18:49:00,BY03,EQ002,193.51,1.55,CT029,rejected,20.21,
212,2025-05-01 12:27:01,BY04,EQ018,105.37,0.96,CT035,pending,53.93,
213,2025-04-15 03:23:11,BY02,EQ007,237.78,2.42,CT077,rejected,28.43,
214,2025-05-23 19:39:16,BY02,EQ017,67.89,2.14,CT037,delivered,75.35,
215,2025-01-03 02:51:46,BY03,EQ009,172.95,1.07,CT038,delivered,22.02,
216,2025-03-23 19:58:28,BY01,EQ012,126.63,1.54,CT117,delivered,51.27,
217,2025-01-31 11:34:20,BY05,EQ015,88.87,2.07,CT014,pending,51.92,
218,2025-04-28 18:41:34,BY04,EQ010,153.23,0.99,CT017,pending,86.93,
219,2025-03-05 09:46:39,BY05,EQ016,185.98,1.36,CT041,rejected,46.25,
220,2025-03-26 07:47:47,BY06,EQ011,120.88,1.41,CT042,rejected,78.53,
221,2025-02-24 22:27:04,BY03,EQ019,76.89,2.06,CT006,rejected,23.91,
222,2025-01-26 14:32:37,BY04,EQ003,25.21,2.37,CT018,delivered,27.16,
223,2025-05-19 14:47:59,BY02,EQ003,212.89,2.06,CT046,pending,25.68,
224,2025-01-14 12:15:00,BY04,EQ013,257.92,1.68,CT068,pending,64.93,
225,2025-01-31 02:16:40,BY05,EQ003,85.24,2.17,CT058,delivered,28.07,
226,2025-02-20 15:12:17,BY02,EQ008,121.41,0.8,CT088,rejected,21.7,
227,2025-05-16 09:35:47,BY02,EQ016,212.84,0.78,CT029,delivered,86.5,
228,2025-01-27 17:36:11,BY05,EQ011,215.67,1.28,CT097,rejected,66.92,
229,2025-05-29 15:39:34,BY03,EQ016,104.45,0.74,CT092,rejected,49.05,
230,2025-02-08 20:38:50,BY05,EQ002,218.1,1.08,CT075,pending,20.5,
231,2025-04-23 22:22:27,BY03,EQ017,201.31,2.32,CT022,pending,34.89,
232,2025-05-02 21:11:59,BY06,EQ020,172.74,1.21,CT072,pending,55.76,
233,2025-02-09 03:27:30,BY05,EQ009,211.7,1.3,CT042,pending,47.48,
234,2025-03-29 16:50:25,BY01,EQ015,261.8,1.79,CT084,rejected,55.83,
235,2025-02-05 21:22:47,BY01,EQ002,154.34,1.4,CT014,rejected,85.32,
236,2025-05-28 12:44:05,BY05,EQ010,51.64,2.2,CT087,delivered,82.07,
237,2025-03-12 02:05:40,BY04,EQ002,27.14,1.87,CT030,rejected,82.31,
238,2025-02-12 02:23:22,BY05,EQ001,60.9,1.26,CT028,delivered,80.23,
239,2025-05-20 19:10:24,BY04,EQ011,225.6,1.52,CT051,rejected,72.77,
240,2025-04-04 05:46:49,BY05,EQ020,256.04,1.21,CT086,delivered,25.44,
241,2025-01-01 01:15:42,BY01,EQ020,173.17,0.79,CT002,pending,85.11,
242,2025-03-16 01:33:01,BY06,EQ019,85.95,2.43,CT013,delivered,45.76,
243,2025-03-24 04:05:41,BY06,EQ012,252.28,0.84,CT054,rejected,21.57,
244,2025-01-24 07:35:49,BY03,EQ005,27.46,1.17,CT120,delivered,28.42,
245,2025-05-13 09:33:05,BY01,EQ016,295.81,1.01,CT015,delivered,70.74,
246,2025-04-23 13:57:24,BY06,EQ018,245.45,1.19,CT003,rejected,59.43,
247,2025-05-15 08:01:43,BY02,EQ007,49.44,0.82,CT087,pending,22.09,
248,2025-04-01 10:19:36,BY04,EQ006,206.17,2.45,CT074,delivered,65.96,
249,2025-02-24 12:43:46,BY06,EQ010,225.67,1.99,CT026,pending,21.71,
250,2025-02-06 12:28:07,BY02,EQ015,242.23,2.16,CT084,delivered,81.15,
251,2025-03-26 12:51:08,BY05,EQ016,99.45,2.13,CT092,rejected,23.31,
252,2025-04-27 03:06:38,BY03,EQ015,197.84,2.18,CT070,delivered,46.13,
253,2025-05-22 00:19:50,BY05,EQ018,214.39,0.96,CT095,rejected,44.28,
254,2025-03-20 00:25:36,BY03,EQ015,23.98,2.47,CT099,pending,30.33,
255,2025-04-07 00:35:12,BY06,EQ018,79.71,1.43,CT056,delivered,62.15,
256,2025-03-06 14:58:45,BY03,EQ015,294.62,1.51,CT070,rejected,31.5,
257,2025-04-09 07:46:31,BY06,EQ005,43.55,1.78,CT070,rejected,78.24,
258,2025-04-22 09:36:04,BY02,EQ007,187.63,2.18,CT051,delivered,77.64,
259,2025-04-08 08:37:01,BY05,EQ002,182.91,1.64,CT074,delivered,37.83,
260,2025-02-01 23:33:59,BY06,EQ008,264.1,1.93,CT101,pending,54.24,
261,2025-03-14 11:48:25,BY05,EQ013,164.08,1.64,CT105,pending,35.33,
262,2025-03-21 05:24:38,BY06,EQ004,38.32,1.11,CT083,pending,30.9,
263,2025-05-27 06:43:14,BY02,EQ001,199.65,2.31,CT065,delivered,54.66,
264,2025-05-15 22:38:34,BY03,EQ008,315.47,2.06,CT039,delivered,57.94,
265,2025-02-07 02:09:18,BY01,EQ001,174.39,0.76,CT016,delivered,33.0,
266,2025-01-14 20:27:02,BY01,EQ009,272.04,1.51,CT016,pending,86.14,
267,2025-01-03 01:15:09,BY06,EQ020,301.41,1.24,CT050,pending,34.59,
268,2025-04-25 12:09:29,BY04,EQ020,30.25,1.77,CT087,pending,88.39,
269,2025-03-10 06:05:40,BY01,EQ009,261.06,1.96,CT111,pending,72.7,
270,2025-03-24 01:55:57,BY06,EQ019,142.54,1.82,CT045,rejected,54.32,
271,2025-01-08 12:13:21,BY04,EQ003,43.05,1.55,CT070,delivered,25.81,
272,2025-05-19 22:58:38,BY06,EQ004,289.01,1.52,CT096,pending,36.9,
273,2025-01-07 16:02:45,BY03,EQ010,30.06,1.69,CT091,pending,35.16,
274,2025-01-02 23:58:23,BY06,EQ005,219.08,1.77,CT087,delivered,85.49,
275,2025-04-08 11:49:40,BY02,EQ015,186.88,1.19,CT073,pending,76.09,
276,2025-05-21 15:37:36,BY01,EQ009,41.98,1.75,CT090,rejected,54.38,
277,2025-02-26 23:17:38,BY02,EQ002,99.03,1.22,CT043,pending,27.68,
278,2025-01-15 22:00:36,BY02,EQ016,89.01,1.58,CT001,pending,74.3,
279,2025-02-04 07:09:46,BY04,EQ002,167.94,1.24,CT029,pending,80.59,
280,2025-04-06 19:10:57,BY02,EQ015,231.38,2.16,CT117,delivered,27.11,
281,2025-05-24 18:18:39,BY05,EQ019,196.82,0.74,CT064,pending,75.6,
282,2025-05-18 13:25:27,BY05,EQ012,178.5,1.84,CT014,pending,53.16,
283,2025-04-19 05:07:13,BY06,EQ014,177.13,0.82,CT012,pending,81.44,
284,2025-04-03 03:54:54,BY04,EQ017,207.82,2.35,CT117,delivered,28.47,
285,2025-04-21 18:21:10,BY02,EQ007,162.1,1.5,CT070,pending,59.02,
286,2025-05-08 10:24:21,BY02,EQ019,216.32,1.44,CT072,delivered,36.26,
287,2025-01-26 20:49:33,BY06,EQ013,53.12,0.72,CT008,rejected,75.17,
288,2025-05-10 07:22:15,BY03,EQ019,213.75,1.65,CT039,delivered,42.37,
289,2025-04-04 06:46:32,BY02,EQ007,160.46,1.9,CT062,pending,34.99,
290,2025-04-18 09:19:06,BY06,EQ018,142.9,2.25,CT010,delivered,66.7,
291,2025-01-29 05:37:31,BY01,EQ016,36.76,1.62,CT010,rejected,31.53,
292,2025-03-22 07:05:23,BY06,EQ012,102.97,2.39,CT106,pending,48.45,
293,2025-01-09 07:58:11,BY03,EQ013,102.71,0.75,CT086,rejected,85.15,
294,2025-04-28 18:11:56,BY02,EQ005,47.25,1.56,CT102,rejected,82.21,
295,2025-05-27 16:33:35,BY06,EQ006,219.48,1.13,CT067,pending,54.8,
296,2025-04-27 11:22:19,BY01,EQ014,197.09,0.82,CT011,rejected,82.42,
297,2025-05-05 13:08:28,BY01,EQ012,41.02,1.2,CT036,pending,65.51,
298,2025-03-08 07:25:27,BY03,EQ018,307.41,1.79,CT118,pending,79.88,
299,2025-04-05 17:15:16,BY04,EQ019,125.55,1.95,CT119,rejected,62.36,
300,2025-04-22 10:58:42,BY02,EQ016,67.51,1.31,CT089,pending,88.27,
301,2025-04-30 16:28:36,BY06,EQ003,230.43,1.15,CT035,pending,81.23,
302,2025-02-14 05:49:18,BY03,EQ011,199.86,2.33,CT073,delivered,44.4,
303,2025-03-07 01:12:21,BY05,EQ014,164.15,1.2,CT077,pending,66.88,
304,2025-04-30 01:02:14,BY02,EQ010,223.43,1.04,CT088,pending,69.88,
305,2025-02-09 16:52:24,BY04,EQ019,76.49,1.64,CT016,rejected,70.59,
306,2025-02-17 23:13:47,BY02,EQ020,191.37,2.12,CT107,pending,32.82,
307,2025-04-07 11:58:52,BY03,EQ008,176.75,1.4,CT092,pending,85.27,
308,2025-03-08 07:02:12,BY02,EQ009,84.22,1.79,CT033,delivered,87.66,
309,2025-03-18 07:53:24,BY01,EQ003,66.29,1.04,CT120,pending,84.95,
310,2025-04-17 22:11:16,BY05,EQ009,280.77,1.62,CT054,delivered,38.6,
311,2025-05-02 23:13:02,BY04,EQ020,81.72,0.89,CT056,pending,41.92,
312,2025-01-24 20:49:58,BY03,EQ002,215.7,0.77,CT009,pending,27.52,
313,2025-01-25 17:49:48,BY01,EQ014,164.54,1.07,CT115,rejected,59.66,
314,2025-03-07 13:21:26,BY05,EQ009,42.06,1.21,CT031,delivered,35.43,
315,2025-05-26 23:17:58,BY03,EQ018,227.67,1.34,CT031,delivered,21.61,
316,2025-05-29 00:48:51,BY02,EQ006,223.13,2.15,CT106,pending,34.22,
317,2025-02-01 03:29:54,BY01,EQ019,25.42,2.03,CT035,pending,28.72,
318,2025-03-20 21:58:17,BY02,EQ008,183.83,1.53,CT022,delivered,84.23,
319,2025-01-01 14:45:56,BY02,EQ010,143.07,1.48,CT111,rejected,79.47,
320,2025-02-15 02:02:26,BY01,EQ003,257.4,1.44,CT057,pending,30.53,
321,2025-04-30 10:21:15,BY04,EQ001,213.93,1.67,CT035,delivered,81.73,
322,2025-04-12 17:42:57,BY03,EQ011,252.37,0.74,CT065,rejected,47.15,
323,2025-02-09 21:33:27,BY03,EQ005,46.29,1.97,CT077,rejected,67.83,
324,2025-03-20 10:48:21,BY02,EQ007,217.96,1.27,CT052,pending,37.41,
325,2025-02-14 20:03:03,BY04,EQ020,247.07,2.28,CT004,rejected,85.47,
326,2025-05-16 10:57:45,BY01,EQ015,194.02,1.98,CT003,pending,60.02,
327,2025-01-04 23:30:34,BY04,EQ014,53.07,2.0,CT117,pending,26.26,
328,2025-02-14 09:09:07,BY03,EQ012,186.76,2.34,CT034,pending,31.07,
329,2025-04-24 16:36:09,BY06,EQ017,178.08,1.78,CT104,delivered,79.21,
330,2025-03-12 19:01:40,BY01,EQ008,219.4,0.86,CT118,delivered,26.47,
331,2025-01-10 17:19:12,BY03,EQ003,140.39,1.65,CT033,pending,30.43,
332,2025-03-26 15:24:43,BY03,EQ006,175.25,1.11,CT040,delivered,56.44,
333,2025-01-18 22:00:50,BY05,EQ002,68.05,1.73,CT101,rejected,32.32,
334,2025-03-24 04:33:11,BY02,EQ008,93.28,0.73,CT026,rejected,69.88,
335,2025-01-20 17:04:20,BY03,EQ006,53.73,1.66,CT100,pending,58.74,
336,2025-02-04 17:50:46,BY02,EQ018,170.69,2.38,CT032,delivered,42.78,
337,2025-02-22 21:11:04,BY05,EQ001,92.49,1.6,CT115,delivered,47.57,
338,2025-04-02 02:00:36,BY02,EQ005,177.26,1.14,CT078,pending,60.17,
339,2025-02-17 17:27:33,BY04,EQ006,73.73,1.98,CT092,delivered,31.35,
340,2025-01-09 05:00:32,BY01,EQ013,116.02,0.94,CT037,pending,57.02,
341,2025-05-27 11:05:58,BY04,EQ018,36.11,1.67,CT052,rejected,52.66,
342,2025-04-11 21:46:23,BY03,EQ020,90.21,1.74,CT108,rejected,48.36,
343,2025-03-21 03:55:06,BY02,EQ017,49.53,2.24,CT017,delivered,34.48,
344,2025-03-13 08:40:48,BY03,EQ004,286.77,1.79,CT053,pending,46.32,
345,2025-03-03 01:53:12,BY04,EQ007,67.75,2.05,CT028,pending,74.26,
346,2025-03-29 08:52:27,BY05,EQ005,293.91,1.87,CT039,pending,37.11,
347,2025-02-14 02:13:47,BY04,EQ009,170.29,1.58,CT060,rejected,52.56,
348,2025-03-31 23:07:52,BY02,EQ014,34.05,2.43,CT032,delivered,82.79,
349,2025-02-27 08:44:53,BY03,EQ002,230.18,1.33,CT117,pending,82.09,
350,2025-01-16 04:04:54,BY05,EQ010,255.04,1.34,CT066,rejected,53.4,
351,2025-04-04 02:26:19,BY01,EQ012,58.09,1.3,CT040,rejected,31.62,
352,2025-01-29 08:07:30,BY06,EQ018,188.69,1.19,CT004,rejected,35.31,
353,2025-01-05 16:29:59,BY04,EQ013,123.02,1.3,CT079,pending,44.28,
354,2025-03-13 10:51:10,BY01,EQ017,146.47,1.75,CT114,pending,73.09,
355,2025-04-10 19:16:53,BY01,EQ018,47.69,2.01,CT073,rejected,24.71,
356,2025-03-15 09:15:29,BY03,EQ015,61.63,2.02,CT082,pending,30.08,
357,2025-02-08 02:59:02,BY01,EQ020,286.31,1.39,CT051,delivered,22.93,
358,2025-01-26 19:33:17,BY02,EQ014,195.46,1.72,CT054,delivered,49.88,
359,2025-02-10 21:32:29,BY01,EQ003,112.02,0.99,CT005,pending,70.91,
360,2025-02-12 13:03:14,BY04,EQ006,242.31,2.36,CT064,delivered,25.6,
361,2025-03-08 13:16:14,BY05,EQ012,148.86,2.23,CT034,rejected,59.1,
362,2025-05-25 02:29:22,BY03,EQ011,149.9,1.65,CT086,rejected,78.48,
363,2025-05-13 13:09:11,BY03,EQ020,281.23,2.1,CT032,delivered,77.05,
364,2025-02-22 20:29:25,BY03,EQ017,245.43,1.24,CT093,pending,23.59,
365,2025-02-20 00:42:00,BY01,EQ005,212.77,1.7,CT109,delivered,81.65,
366,2025-01-30 18:14:06,BY01,EQ018,184.85,1.61,CT053,rejected,47.99,
367,2025-02-28 01:50:05,BY01,EQ008,293.54,0.99,CT062,rejected,24.64,
368,2025-01-12 01:11:14,BY04,EQ013,63.05,2.17,CT020,pending,53.12,
369,2025-03-13 22:05:46,BY01,EQ010,106.18,1.12,CT113,pending,84.95,
370,2025-02-11 13:26:43,BY04,EQ014,241.18,2.23,CT037,delivered,62.74,
371,2025-01-31 21:53:18,BY05,EQ011,102.64,1.77,CT110,delivered,27.05,
372,2025-05-24 04:40:25,BY01,EQ005,37.91,1.67,CT064,delivered,85.41,
373,2025-05-16 10:02:33,BY06,EQ005,220.4,2.49,CT001,pending,32.43,
374,2025-03-13 05:15:28,BY06,EQ012,181.11,1.9,CT012,delivered,31.57,
375,2025-01-20 09:54:00,BY01,EQ019,206.85,0.85,CT006,rejected,20.01,
376,2025-02-02 23:57:05,BY04,EQ016,43.3,0.89,CT076,pending,63.08,
377,2025-04-29 23:33:40,BY03,EQ005,54.15,0.82,CT078,pending,31.02,
378,2025-04-10 23:34:05,BY01,EQ016,184.41,1.79,CT089,pending,22.24,
379,2025-05-10 03:09:52,BY02,EQ016,162.35,2.16,CT046,rejected,41.45,
380,2025-03-19 21:14:01,BY04,EQ008,117.98,2.13,CT109,pending,66.64,
381,2025-03-31 13:45:07,BY02,EQ005,165.92,0.77,CT008,rejected,81.26,
382,2025-03-29 04:07:11,BY02,EQ005,127.39,2.0,CT037,pending,68.14,
383,2025-05-20 13:06:26,BY04,EQ014,282.2,1.44,CT120,rejected,66.78,
384,2025-05-22 15:09:33,BY05,EQ010,220.33,2.39,CT027,pending,65.93,
385,2025-03-17 21:14:00,BY02,EQ012,139.28,0.82,CT005,pending,47.27,
386,2025-04-01 00:05:05,BY06,EQ013,141.15,2.11,CT111,pending,51.47,
387,2025-05-25 17:15:44,BY06,EQ014,52.53,1.89,CT118,rejected,80.77,
388,2025-02-01 21:07:48,BY03,EQ014,147.78,0.87,CT113,pending,30.37,
389,2025-02-16 14:35:24,BY05,EQ020,291.35,1.59,CT036,delivered,70.45,
390,2025-05-30 16:28:03,BY01,EQ012,160.19,1.98,CT103,rejected,46.11,
391,2025-04-04 18:00:12,BY05,EQ007,163.61,1.08,CT043,rejected,66.11,
392,2025-04-09 01:22:57,BY03,EQ017,228.52,1.4,CT068,rejected,62.87,
393,2025-03-26 10:57:23,BY06,EQ002,120.22,1.52,CT093,rejected,58.3,
394,2025-05-27 18:09:36,BY04,EQ002,47.94,1.21,CT003,pending,61.25,
395,2025-01-13 04:39:43,BY04,EQ014,30.63,2.37,CT118,rejected,60.03,
396,2025-04-25 17:45:50,BY02,EQ015,244.15,1.18,CT115,rejected,79.65,
397,2025-05-10 19:07:11,BY05,EQ009,236.39,1.41,CT001,rejected,36.05,
398,2025-03-29 05:39:23,BY02,EQ013,215.32,0.7,CT007,delivered,76.17,
399,2025-04-17 03:05:19,BY04,EQ001,154.38,1.6,CT094,rejected,75.16,
400,2025-05-09 19:16:05,BY01,EQ016,195.55,2.48,CT028,rejected,66.29,
401,2025-01-23 12:00:03,BY02,EQ013,178.87,1.71,CT043,delivered,58.15,
402,2025-05-14 00:43:22,BY04,EQ003,79.82,1.29,CT032,pending,21.45,
403,2025-05-26 12:30:17,BY06,EQ009,132.27,1.0,CT038,rejected,38.0,
404,2025-03-24 19:23:53,BY02,EQ006,171.15,1.35,CT098,pending,41.66,
405,2025-04-17 13:02:14,BY06,EQ003,65.44,0.84,CT020,delivered,79.71,
406,2025-02-16 12:23:25,BY01,EQ009,49.33,2.44,CT015,pending,43.63,
407,2025-04-14 19:22:43,BY04,EQ017,212.58,0.92,CT086,rejected,39.48,
408,2025-01-18 20:53:28,BY03,EQ006,157.89,1.4,CT025,rejected,86.15,
409,2025-05-01 11:00:11,BY01,EQ003,266.4,0.99,CT044,delivered,56.55,
410,2025-02-07 16:53:59,BY04,EQ012,296.92,0.75,CT110,pending,75.49,
411,2025-04-10 12:02:56,BY04,EQ007,198.23,1.0,CT080,rejected,53.84,
412,2025-05-16 09:54:30,BY01,EQ008,132.79,2.2,CT120,pending,59.02,
413,2025-03-04 13:37:33,BY06,EQ012,72.15,1.06,CT006,delivered,51.7,
414,2025-03-11 00:23:02,BY01,EQ012,164.05,1.87,CT054,rejected,78.63,
415,2025-03-31 23:58:45,BY01,EQ005,96.84,2.22,CT077,rejected,59.3,
416,2025-01-27 08:44:07,BY04,EQ016,176.11,1.7,CT071,rejected,73.31,
417,2025-01-07 07:22:05,BY06,EQ011,33.09,1.14,CT069,pending,40.54,
418,2025-01-11 15:54:47,BY03,EQ005,139.96,1.95,CT105,pending,89.95,
419,2025-03-22 00:11:53,BY01,EQ017,74.21,1.35,CT064,pending,71.7,
420,2025-01-06 01:51:26,BY03,EQ011,64.33,1.03,CT012,delivered,85.2,
421,2025-01-20 10:36:18,BY03,EQ004,282.53,0.87,CT034,pending,42.28,
422,2025-04-22 22:16:17,BY02,EQ019,95.1,2.14,CT030,delivered,39.36,
423,2025-04-17 20:09:24,BY05,EQ003,203.29,2.16,CT071,rejected,80.92,
424,2025-04-18 06:12:56,BY06,EQ010,102.72,0.88,CT052,delivered,41.83,
425,2025-01-19 01:15:35,BY06,EQ011,173.75,1.18,CT007,delivered,24.81,
426,2025-04-25 05:41:47,BY01,EQ004,155.02,2.3,CT006,pending,76.67,
427,2025-01-21 18:08:52,BY03,EQ006,233.37,1.76,CT072,delivered,25.74,
428,2025-05-06 22:09:45,BY05,EQ004,125.84,1.84,CT003,pending,35.29,
429,2025-02-02 21:19:10,BY06,EQ017,238.9,1.13,CT053,delivered,67.7,
430,2025-04-22 23:34:25,BY06,EQ007,114.93,1.59,CT031,delivered,50.08,
431,2025-03-17 10:16:00,BY02,EQ017,72.81,1.23,CT018,pending,88.16,
432,2025-04-23 07:13:15,BY03,EQ009,108.73,1.15,CT110,delivered,69.48,
433,2025-04-28 12:41:49,BY04,EQ001,36.58,2.46,CT052,rejected,33.38,
434,2025-01-25 21:24:48,BY05,EQ006,186.3,2.17,CT075,delivered,87.7,
435,2025-05-19 01:49:04,BY01,EQ008,198.18,2.5,CT096,delivered,71.19,
436,2025-01-26 19:38:53,BY02,EQ009,200.11,2.43,CT074,delivered,65.63,
437,2025-05-16 04:38:22,BY01,EQ014,134.85,0.89,CT027,pending,30.11,
438,2025-01-24 22:21:33,BY03,EQ011,37.4,2.46,CT049,rejected,56.32,
439,2025-05-09 18:21:43,BY02,EQ005,208.42,1.07,CT046,delivered,80.9,
440,2025-05-09 14:33:29,BY02,EQ016,30.78,1.58,CT036,pending,23.43,
441,2025-04-01 00:27:03,BY02,EQ002,101.99,2.11,CT107,delivered,72.38,
442,2025-02-09 13:57:45,BY04,EQ004,112.14,2.29,CT019,pending,39.55,
443,2025-01-03 16:09:42,BY04,EQ017,64.07,0.82,CT059,pending,41.22,
444,2025-02-09 00:22:25,BY06,EQ009,146.08,2.21,CT050,pending,31.23,
445,2025-01-26 22:05:35,BY01,EQ008,92.94,1.86,CT050,delivered,89.05,
446,2025-05-05 15:25:01,BY02,EQ004,147.82,1.18,CT048,rejected,37.84,
447,2025-05-08 19:52:17,BY05,EQ010,70.46,2.04,CT003,delivered,59.7,
448,2025-02-16 20:11:36,BY03,EQ009,89.77,2.16,CT097,rejected,85.2,
449,2025-04-22 12:57:42,BY05,EQ006,260.51,1.83,CT068,delivered,30.44,
450,2025-05-30 05:26:15,BY06,EQ018,205.57,1.46,CT044,delivered,53.67,
451,2025-05-23 06:15:06,BY03,EQ014,212.37,1.15,CT103,pending,61.03,
452,2025-05-11 01:39:47,BY05,EQ019,72.21,1.72,CT013,pending,53.03,
453,2025-02-17 13:14:32,BY03,EQ002,107.12,2.24,CT046,pending,73.12,
454,2025-04-06 18:14:53,BY02,EQ014,188.12,2.42,CT003,rejected,25.34,
455,2025-01-27 14:26:47,BY02,EQ014,92.2,2.26,CT027,pending,48.87,
456,2025-01-15 02:21:32,BY01,EQ018,327.41,1.49,CT018,delivered,71.66,
457,2025-01-19 19:22:57,BY01,EQ009,212.88,0.72,CT076,pending,28.42,
458,2025-04-25 07:11:49,BY04,EQ007,68.43,0.87,CT119,delivered,62.82,
459,2025-02-18 14:33:36,BY05,EQ018,117.42,2.04,CT098,delivered,23.09,
460,2025-04-16 01:35:34,BY02,EQ001,290.96,2.37,CT063,delivered,75.7,
461,2025-01-20 10:28:11,BY01,EQ017,48.04,1.75,CT119,rejected,39.44,
462,2025-03-09 18:15:57,BY03,EQ015,204.17,1.7,CT022,delivered,71.72,
463,2025-04-22 00:20:05,BY01,EQ009,278.53,1.05,CT106,delivered,36.4,
464,2025-02-04 20:01:31,BY02,EQ007,39.54,1.06,CT038,pending,24.29,
465,2025-05-01 03:06:01,BY02,EQ002,126.93,0.91,CT117,rejected,34.29,
466,2025-05-28 18:56:55,BY03,EQ014,45.96,0.98,CT009,delivered,53.16,
467,2025-03-14 17:27:45,BY01,EQ018,109.2,1.02,CT108,pending,27.6,
468,2025-02-11 02:59:25,BY01,EQ005,68.02,1.45,CT056,delivered,68.98,
469,2025-05-19 14:04:08,BY05,EQ018,54.13,2.29,CT068,rejected,82.93,
470,2025-03-06 02:08:28,BY04,EQ006,242.45,2.19,CT077,rejected,66.24,
471,2025-03-29 04:45:52,BY04,EQ006,147.31,1.8,CT102,pending,39.54,
472,2025-02-11 13:59:52,BY06,EQ001,140.64,1.05,CT038,pending,74.08,
473,2025-01-18 16:12:21,BY05,EQ004,157.13,2.13,CT017,delivered,36.08,
474,2025-01-22 23:23:11,BY05,EQ016,274.36,1.41,CT084,rejected,69.87,
475,2025-01-11 06:12:48,BY05,EQ006,218.89,1.67,CT030,delivered,36.83,
476,2025-04-28 20:21:55,BY05,EQ003,142.24,1.13,CT071,delivered,43.74,
477,2025-02-20 10:05:42,BY03,EQ011,125.66,1.69,CT106,delivered,23.08,
478,2025-02-09 20:46:08,BY02,EQ008,158.08,1.96,CT012,rejected,30.35,
479,2025-03-23 23:13:58,BY06,EQ018,217.49,0.84,CT098,pending,52.26,
480,2025-03-07 13:42:35,BY01,EQ002,202.7,2.08,CT100,delivered,74.27,
481,2025-05-21 09:50:37,BY01,EQ003,169.4,1.28,CT097,rejected,76.56,
482,2025-01-17 01:05:45,BY06,EQ007,177.5,1.57,CT104,delivered,50.73,
483,2025-05-06 17:47:27,BY03,EQ002,171.55,2.12,CT096,rejected,21.81,
484,2025-03-10 14:40:08,BY03,EQ013,117.42,1.91,CT102,rejected,65.19,
485,2025-02-20 15:26:06,BY02,EQ003,208.92,1.68,CT019,rejected,66.77,
486,2025-02-25 18:22:24,BY04,EQ017,70.45,2.34,CT010,delivered,32.3,
487,2025-04-08 08:45:54,BY05,EQ002,97.83,1.27,CT061,delivered,55.5,
488,2025-01-09 13:44:13,BY05,EQ002,270.22,0.71,CT034,delivered,46.45,
489,2025-01-18 05:19:07,BY03,EQ017,143.99,1.2,CT020,pending,46.44,
490,2025-03-22 04:35:27,BY02,EQ009,191.8,1.62,CT042,pending,66.29,
491,2025-02-03 01:21:20,BY05,EQ013,45.08,2.01,CT071,rejected,22.76,
492,2025-03-20 23:30:29,BY02,EQ008,229.95,1.44,CT110,rejected,59.08,
493,2025-01-04 07:11:58,BY05,EQ017,214.38,1.03,CT009,delivered,38.75,
494,2025-01-24 18:28:26,BY04,EQ009,187.26,2.2,CT016,rejected,84.07,
495,2025-02-20 19:10:50,BY06,EQ009,198.25,2.43,CT083,delivered,58.32,
496,2025-02-18 08:29:44,BY05,EQ007,245.4,1.38,CT098,delivered,56.98,
497,2025-02-22 00:02:09,BY02,EQ005,72.94,1.91,CT019,rejected,48.01,
498,2025-05-21 23:21:24,BY02,EQ017,246.31,1.73,CT086,rejected,71.14,
499,2025-01-31 19:05:46,BY01,EQ008,63.07,2.28,CT097,rejected,29.14,
500,2025-04-13 14:09:16,BY04,EQ007,238.16,0.89,CT100,pending,25.75,
