id_movement,date_time,stockpile_id,movement_type,source,destination,volume_ton,stack_height_m,blending_id,note
1,2025-03-27 19:07:34,STK01,IN,PIT02,STK07,166.92,5.57,,
2,2025-01-23 13:43:03,STK09,OUT,PIT03,STK05,94.15,9.79,BL02,
3,2025-05-13 02:24:20,STK04,IN,PIT05,STK08,66.4,4.37,BL02,
4,2025-02-09 21:14:25,STK05,OUT,CR04,STK09,151.11,6.17,,
5,2025-05-20 05:04:47,STK02,IN,PIT02,BY02,80.37,1.22,BL02,
6,2025-04-24 05:39:54,STK08,IN,PIT04,BY02,87.86,9.07,BL01,
7,2025-04-05 22:06:12,STK02,IN,PIT01,STK02,283.04,5.59,,
8,2025-01-18 15:49:07,STK03,IN,PIT04,BY02,37.3,6.78,BL03,
9,2025-04-10 02:31:17,STK09,OUT,PIT07,BY04,73.49,2.26,,
10,2025-03-28 12:05:59,STK02,OUT,PIT03,STK04,342.42,11.91,BL01,
11,2025-01-11 19:16:53,STK06,OUT,CR03,BY02,342.62,4.33,,
12,2025-03-30 01:08:51,STK04,IN,CR01,STK09,151.82,7.98,BL03,
13,2025-01-26 14:54:18,STK07,IN,PIT06,STK05,62.54,7.39,BL03,
14,2025-04-10 15:54:29,STK06,OUT,PIT06,STK03,290.84,9.64,,
15,2025-03-22 16:01:07,STK09,OUT,PIT01,STK06,163.25,4.23,,
16,2025-03-30 16:50:06,STK09,OUT,PIT05,STK03,46.82,9.32,BL01,
17,2025-04-20 12:00:59,STK04,OUT,PIT03,BY05,88.4,5.21,BL01,
18,2025-01-12 05:04:22,STK01,IN,CR03,STK05,80.77,5.52,BL03,
19,2025-04-19 12:11:01,STK02,OUT,PIT01,STK03,247.97,8.4,BL02,
20,2025-03-31 18:50:20,STK08,IN,CR01,STK06,362.3,9.63,BL02,
21,2025-05-11 15:19:29,STK08,OUT,PIT07,BY03,323.44,8.34,BL02,
22,2025-03-01 20:10:27,STK02,IN,PIT07,BY01,232.21,10.9,BL02,
23,2025-05-21 10:43:46,STK04,OUT,CR03,STK05,186.2,4.14,BL03,
24,2025-01-05 05:27:27,STK01,OUT,CR03,BY05,258.91,10.91,BL02,
25,2025-03-18 21:15:17,STK07,IN,CR03,STK09,194.21,2.44,BL02,
26,2025-02-19 09:51:23,STK04,IN,PIT04,STK03,121.06,8.25,,
27,2025-01-01 14:03:11,STK08,OUT,CR04,STK06,281.3,7.02,BL02,
28,2025-05-25 19:42:02,STK09,IN,PIT06,STK08,353.1,6.44,,
29,2025-02-12 07:29:37,STK09,OUT,CR02,STK07,167.96,4.42,BL03,
30,2025-04-23 07:07:33,STK03,IN,PIT03,STK06,341.37,6.54,,
31,2025-01-15 04:20:32,STK05,OUT,CR02,BY05,189.5,2.78,BL01,
32,2025-01-09 19:03:56,STK06,OUT,PIT04,STK02,178.49,5.06,,
33,2025-03-24 06:34:22,STK06,OUT,PIT05,STK07,40.48,2.09,BL02,
34,2025-03-08 21:37:15,STK08,OUT,PIT07,STK08,287.25,7.29,,
35,2025-05-17 00:01:48,STK06,OUT,PIT06,STK01,328.78,2.05,,
36,2025-01-13 09:08:33,STK06,OUT,CR03,STK09,275.52,2.76,BL03,
37,2025-04-16 02:00:16,STK04,OUT,CR01,STK04,86.0,1.94,BL03,
38,2025-01-12 16:48:41,STK07,OUT,CR01,STK08,68.22,5.19,BL02,
39,2025-01-14 09:39:09,STK08,IN,CR01,BY01,241.96,10.26,BL01,
40,2025-04-02 16:00:40,STK03,IN,PIT03,STK07,178.56,10.98,BL01,
41,2025-01-07 03:53:42,STK07,IN,CR03,BY05,188.77,1.79,,
42,2025-02-25 17:56:22,STK03,OUT,PIT06,BY04,388.09,7.98,BL01,
43,2025-03-21 09:27:28,STK08,OUT,PIT07,BY01,297.85,8.53,BL03,
44,2025-02-04 22:46:25,STK01,OUT,CR02,STK07,182.36,6.87,BL02,
45,2025-05-30 07:40:10,STK01,IN,CR03,STK02,37.07,8.34,BL02,
46,2025-01-27 07:08:39,STK06,IN,CR03,STK01,42.62,3.57,BL03,
47,2025-05-29 17:00:56,STK09,IN,PIT04,STK04,283.38,6.39,BL02,
48,2025-05-05 13:43:23,STK04,IN,PIT05,BY03,339.96,5.3,,
49,2025-05-22 14:44:07,STK06,IN,CR01,STK02,291.85,1.99,BL02,
50,2025-05-06 10:01:21,STK05,OUT,PIT01,STK08,180.18,7.88,BL01,
51,2025-03-23 15:01:43,STK01,IN,PIT06,BY01,41.52,6.45,BL02,
52,2025-03-14 17:06:51,STK06,OUT,PIT04,STK07,387.94,4.03,BL02,
53,2025-03-16 06:29:03,STK09,OUT,PIT05,STK08,394.94,6.21,BL03,
54,2025-03-29 02:20:04,STK03,OUT,CR04,BY02,233.26,9.53,BL03,
55,2025-03-15 07:15:37,STK03,IN,PIT05,STK06,56.15,9.82,BL01,
56,2025-03-14 22:38:06,STK02,IN,PIT02,STK01,230.16,8.14,BL03,
57,2025-01-16 13:59:31,STK04,OUT,CR01,BY05,360.17,6.15,BL01,
58,2025-05-13 13:45:14,STK03,IN,PIT02,BY04,281.59,7.33,,
59,2025-05-09 12:10:36,STK02,IN,PIT04,BY04,296.4,5.24,BL01,
60,2025-04-15 17:19:17,STK01,OUT,PIT05,BY03,61.44,2.39,BL02,
61,2025-01-26 19:46:38,STK03,OUT,PIT01,STK09,69.41,5.24,BL01,
62,2025-05-07 21:41:22,STK06,OUT,PIT06,STK06,77.12,6.83,,
63,2025-03-09 12:43:30,STK09,OUT,PIT02,BY03,364.62,7.59,BL02,
64,2025-01-24 00:52:14,STK05,OUT,PIT05,BY04,224.56,11.29,BL01,
65,2025-02-04 15:44:50,STK03,IN,PIT06,BY01,322.88,9.55,BL03,
66,2025-04-15 07:48:21,STK05,OUT,CR04,STK01,72.66,2.67,BL03,
67,2025-03-18 07:47:09,STK05,IN,CR01,STK01,373.23,2.92,BL03,
68,2025-04-13 16:35:05,STK05,IN,CR02,STK08,333.82,2.11,BL01,
69,2025-01-25 17:28:49,STK07,OUT,PIT06,STK06,113.16,9.12,BL01,
70,2025-05-22 08:03:53,STK05,OUT,PIT05,STK08,353.45,8.77,,
71,2025-02-13 05:48:41,STK07,IN,PIT04,STK08,127.47,11.85,BL02,
72,2025-01-01 16:11:12,STK09,OUT,PIT02,BY02,105.98,6.74,BL02,
73,2025-05-27 20:03:05,STK05,IN,PIT02,BY05,127.77,10.09,BL02,
74,2025-01-05 09:57:15,STK02,OUT,PIT07,STK08,366.68,7.34,BL02,
75,2025-02-27 22:28:20,STK05,OUT,PIT05,BY01,368.77,10.61,BL01,
76,2025-03-31 21:45:16,STK08,IN,PIT07,STK07,151.73,8.93,BL01,
77,2025-05-11 18:44:12,STK04,IN,CR04,STK07,291.01,8.07,,
78,2025-05-20 15:13:14,STK02,OUT,PIT01,BY01,280.03,7.22,BL02,
79,2025-04-16 17:17:57,STK03,OUT,PIT01,STK04,328.43,8.95,BL01,
80,2025-03-24 08:34:47,STK09,OUT,PIT05,STK09,139.71,5.62,BL01,
81,2025-04-14 06:59:25,STK09,IN,PIT02,BY03,218.75,2.06,BL01,
82,2025-03-15 15:33:23,STK08,OUT,CR01,STK02,277.04,1.44,BL01,
83,2025-02-14 14:18:43,STK08,OUT,PIT03,BY02,39.72,6.27,BL02,
84,2025-02-18 01:29:22,STK08,OUT,PIT01,STK09,169.39,7.59,BL02,
85,2025-03-31 10:40:09,STK08,OUT,PIT02,BY01,287.48,1.87,BL01,
86,2025-03-09 05:13:16,STK08,IN,CR03,STK03,123.46,4.16,BL03,
87,2025-01-31 02:55:04,STK01,IN,CR03,BY05,384.35,4.54,,
88,2025-02-23 12:37:15,STK06,IN,PIT07,BY04,41.16,7.19,BL02,
89,2025-02-06 14:22:57,STK09,OUT,PIT06,STK02,384.49,4.06,BL02,
90,2025-05-21 18:51:23,STK08,OUT,CR01,BY04,110.2,2.05,BL03,
91,2025-05-29 15:26:29,STK03,OUT,PIT07,STK04,48.06,2.81,BL02,
92,2025-01-22 21:53:38,STK01,IN,CR03,STK05,138.22,2.91,BL03,
93,2025-01-07 06:08:36,STK02,IN,CR01,STK02,320.92,10.27,BL03,
94,2025-05-09 04:44:39,STK02,IN,PIT03,BY04,308.4,4.13,BL01,
95,2025-03-23 09:48:10,STK07,IN,PIT06,STK01,107.27,8.86,BL02,
96,2025-04-30 09:44:59,STK06,OUT,PIT07,BY01,102.81,7.25,,
97,2025-05-29 18:04:04,STK02,IN,CR03,BY02,267.75,11.75,BL03,
98,2025-01-04 00:54:52,STK08,IN,CR04,STK05,199.49,4.0,,
99,2025-02-16 17:35:10,STK09,OUT,PIT01,STK09,323.15,2.74,BL01,
100,2025-02-10 00:24:35,STK07,IN,PIT01,BY03,38.93,1.57,BL02,
101,2025-01-14 01:35:54,STK04,OUT,PIT07,BY03,255.85,3.65,BL01,
102,2025-01-20 14:12:45,STK01,OUT,CR04,STK05,300.35,8.52,BL01,
103,2025-04-26 07:58:49,STK04,OUT,PIT03,BY03,397.55,1.94,,
104,2025-01-07 12:28:36,STK04,OUT,PIT03,BY02,281.15,3.69,,
105,2025-03-28 16:33:58,STK08,OUT,PIT05,BY01,115.78,10.41,BL03,
106,2025-04-27 01:52:46,STK04,IN,CR04,STK09,70.03,7.41,BL02,
107,2025-05-11 11:51:25,STK04,IN,PIT06,BY05,267.14,1.76,BL01,
108,2025-05-17 13:33:05,STK02,OUT,PIT02,BY04,223.58,1.52,BL03,
109,2025-01-10 10:50:53,STK07,IN,PIT03,BY03,362.68,1.67,BL03,
110,2025-02-17 12:32:37,STK04,OUT,PIT06,BY01,298.84,11.36,BL01,
111,2025-05-24 19:10:17,STK06,IN,PIT03,STK06,218.6,10.35,BL01,
112,2025-01-09 14:09:29,STK03,IN,PIT05,STK03,179.33,10.29,BL03,
113,2025-03-20 02:41:32,STK07,IN,CR02,STK04,179.62,11.17,BL01,
114,2025-03-27 05:42:53,STK06,IN,PIT03,STK04,113.73,6.56,BL01,
115,2025-02-15 12:06:00,STK03,IN,CR04,STK01,36.41,3.72,,
116,2025-04-15 19:27:46,STK04,IN,PIT06,STK03,242.72,5.41,BL02,
117,2025-02-12 04:32:52,STK05,IN,CR04,STK03,108.59,8.91,BL03,
118,2025-05-27 11:41:31,STK09,OUT,PIT05,BY04,107.08,10.64,BL01,
119,2025-05-31 16:43:07,STK06,OUT,PIT05,BY05,76.39,5.79,BL03,
120,2025-01-11 23:02:53,STK04,OUT,CR04,STK01,100.15,6.89,BL02,
121,2025-01-28 05:04:44,STK07,IN,PIT06,BY04,41.76,11.25,BL03,
122,2025-04-08 20:19:29,STK02,IN,PIT06,STK09,279.47,2.18,BL03,
123,2025-02-26 04:03:55,STK04,OUT,PIT01,BY02,178.52,10.49,BL03,
124,2025-02-15 11:16:18,STK05,OUT,CR04,STK01,237.76,2.75,,
125,2025-05-23 01:07:06,STK04,IN,CR02,STK09,265.67,6.32,BL02,
126,2025-04-22 20:52:07,STK04,OUT,PIT05,STK01,389.82,3.4,BL02,
127,2025-03-03 22:11:56,STK09,OUT,PIT01,STK02,55.26,7.63,BL03,
128,2025-04-23 03:13:39,STK02,OUT,CR01,STK02,184.63,7.14,BL03,
129,2025-04-27 02:29:53,STK06,OUT,PIT07,BY05,120.98,5.18,BL02,
130,2025-05-31 00:17:20,STK08,IN,PIT07,STK06,206.38,10.5,BL01,
131,2025-05-11 14:13:32,STK08,OUT,PIT05,STK07,370.57,8.26,,
132,2025-03-04 06:24:27,STK07,OUT,PIT01,BY02,297.87,8.93,BL02,
133,2025-02-16 00:03:10,STK04,OUT,CR02,STK01,274.92,2.66,BL03,
134,2025-02-28 14:19:27,STK07,OUT,CR04,STK03,193.26,10.71,BL01,
135,2025-01-28 19:38:31,STK06,IN,CR02,STK02,278.31,2.84,BL01,
136,2025-05-09 04:48:46,STK06,OUT,CR01,STK08,41.98,3.45,BL01,
137,2025-04-12 05:12:21,STK02,OUT,PIT05,STK09,246.91,2.41,,
138,2025-02-12 22:08:01,STK08,OUT,PIT03,BY04,234.9,5.84,,
139,2025-03-22 07:19:48,STK08,OUT,CR01,STK02,158.26,10.76,BL02,
140,2025-02-28 08:26:09,STK07,OUT,PIT01,STK02,104.56,3.78,BL02,
141,2025-02-23 10:18:36,STK09,IN,PIT03,BY01,328.8,5.11,BL02,
142,2025-01-12 20:04:59,STK08,OUT,CR04,STK09,49.93,10.31,BL02,
143,2025-04-19 02:29:40,STK09,OUT,PIT07,BY05,55.78,7.8,BL03,
144,2025-04-25 21:22:07,STK09,IN,PIT04,STK04,192.99,9.27,,
145,2025-05-23 18:20:12,STK06,OUT,PIT07,STK05,123.45,3.35,BL01,
146,2025-02-04 00:10:47,STK02,IN,CR04,BY04,305.82,8.88,BL03,
147,2025-05-02 13:20:22,STK07,OUT,PIT05,BY02,264.65,3.5,BL02,
148,2025-05-12 19:12:17,STK03,IN,PIT06,STK09,315.84,11.86,BL02,
149,2025-03-24 22:53:56,STK07,IN,PIT07,STK06,150.13,7.16,BL03,
150,2025-04-18 22:27:06,STK09,OUT,CR03,BY01,303.99,8.65,BL01,
151,2025-04-07 05:45:37,STK02,IN,PIT07,BY03,349.05,2.3,,
152,2025-01-10 02:29:44,STK06,OUT,PIT07,STK09,157.75,3.76,,
153,2025-03-08 21:05:21,STK06,IN,PIT07,STK09,155.76,2.54,BL01,
154,2025-05-05 22:04:12,STK09,IN,CR04,STK07,362.98,5.29,,
155,2025-05-11 08:40:58,STK09,OUT,PIT07,BY05,48.42,4.13,BL02,
156,2025-03-16 00:18:33,STK05,IN,PIT03,BY03,159.57,9.06,BL02,
157,2025-04-12 20:10:30,STK05,OUT,PIT03,BY01,73.91,2.2,BL02,
158,2025-03-03 21:24:36,STK09,IN,PIT07,STK09,40.72,9.27,BL02,
159,2025-05-16 05:01:56,STK08,IN,PIT02,STK05,71.76,1.5,BL01,
160,2025-03-22 20:12:48,STK07,OUT,PIT02,STK05,189.56,3.22,,
161,2025-03-21 06:37:32,STK08,OUT,PIT03,BY03,284.17,9.71,,
162,2025-01-29 23:24:16,STK06,IN,PIT04,STK08,137.03,9.17,BL03,
163,2025-02-28 05:34:54,STK03,OUT,PIT06,BY01,344.38,6.24,BL01,
164,2025-03-15 02:25:53,STK07,OUT,CR01,STK04,191.92,1.55,,
165,2025-02-05 16:56:17,STK08,IN,CR03,STK09,388.24,7.71,,
166,2025-05-27 11:50:01,STK08,IN,CR03,STK07,383.04,5.47,BL03,
167,2025-04-15 10:55:38,STK01,OUT,PIT07,STK07,316.11,4.48,BL02,
168,2025-04-02 22:45:27,STK07,IN,PIT04,BY04,374.99,8.04,,
169,2025-02-16 18:59:35,STK03,OUT,PIT02,STK03,291.63,5.8,BL02,
170,2025-02-13 18:10:54,STK02,OUT,PIT02,STK04,361.37,2.02,BL03,
171,2025-02-28 09:31:59,STK02,OUT,PIT04,STK07,117.5,11.08,,
172,2025-05-18 09:32:48,STK08,OUT,PIT06,BY02,157.81,9.56,BL02,
173,2025-01-29 00:43:40,STK09,OUT,PIT03,BY02,308.58,1.62,BL01,
174,2025-03-31 21:51:13,STK03,OUT,PIT06,BY05,187.09,6.78,BL02,
175,2025-01-12 04:32:49,STK03,IN,PIT05,STK05,339.81,1.92,BL02,
176,2025-04-20 04:54:30,STK06,OUT,PIT05,BY03,354.73,10.21,BL02,
177,2025-03-22 03:12:59,STK01,IN,PIT02,STK03,140.9,7.74,BL02,
178,2025-03-22 21:04:02,STK06,OUT,CR01,STK01,334.68,2.9,BL01,
179,2025-04-19 05:08:40,STK03,IN,PIT05,STK07,87.08,1.23,BL03,
180,2025-04-13 21:56:27,STK04,IN,CR04,STK06,153.65,1.35,BL02,
181,2025-01-27 00:55:03,STK09,IN,PIT02,BY01,221.65,6.58,BL02,
182,2025-03-17 10:09:50,STK03,OUT,PIT07,STK07,113.78,9.08,,
183,2025-02-17 03:48:09,STK01,IN,CR02,BY05,244.33,2.33,,
184,2025-02-19 12:21:57,STK03,IN,CR02,STK02,244.12,3.43,BL01,
185,2025-02-09 11:37:04,STK07,OUT,PIT01,BY04,106.55,4.6,BL01,
186,2025-03-06 03:08:13,STK07,IN,PIT07,BY03,324.39,3.4,BL01,
187,2025-05-06 13:52:03,STK05,IN,CR02,STK04,263.71,5.3,,
188,2025-01-16 08:29:41,STK01,OUT,PIT06,STK02,147.57,7.16,BL02,
189,2025-03-29 08:09:30,STK08,IN,PIT01,STK08,115.91,8.53,,
190,2025-03-14 01:20:47,STK08,IN,PIT02,STK07,355.14,11.6,BL03,
191,2025-01-18 22:54:48,STK02,OUT,PIT04,STK01,339.22,11.24,BL01,
192,2025-04-15 00:14:33,STK03,IN,PIT04,STK02,115.01,7.27,BL01,
193,2025-05-21 16:48:34,STK04,IN,PIT02,STK02,43.17,9.08,BL01,
194,2025-02-06 23:42:31,STK01,IN,CR01,STK04,327.68,11.46,BL03,
195,2025-01-11 00:10:41,STK04,IN,PIT02,STK03,257.74,1.92,BL02,
196,2025-02-22 03:07:18,STK05,OUT,PIT03,STK01,67.33,1.06,BL02,
197,2025-03-15 05:43:48,STK03,OUT,PIT04,BY03,247.32,1.33,BL02,
198,2025-05-11 19:32:19,STK02,OUT,CR02,BY05,197.31,7.2,BL01,
199,2025-04-28 11:21:43,STK06,OUT,CR03,STK02,316.58,9.39,BL02,
200,2025-04-28 01:49:13,STK08,IN,PIT01,BY02,107.36,5.04,,
201,2025-01-08 16:18:17,STK07,OUT,CR01,STK09,197.67,7.0,BL01,
202,2025-01-15 03:11:58,STK01,OUT,PIT05,BY04,87.81,6.68,BL03,
203,2025-02-06 12:54:16,STK04,IN,PIT07,STK01,384.29,2.04,BL03,
204,2025-05-28 21:45:45,STK03,IN,CR01,STK09,318.13,4.54,BL02,
205,2025-04-25 02:20:18,STK06,IN,PIT05,STK07,302.59,1.21,BL01,
206,2025-05-21 15:30:25,STK09,OUT,CR01,STK02,285.38,2.22,,
207,2025-05-11 09:11:10,STK09,IN,CR03,STK02,186.63,9.93,,
208,2025-04-19 12:25:55,STK07,IN,CR04,STK05,371.61,10.12,BL01,
209,2025-02-12 03:22:13,STK09,IN,CR01,BY04,56.98,9.82,BL02,
210,2025-04-04 02:08:20,STK08,OUT,CR02,STK05,327.21,9.0,BL03,
211,2025-02-10 13:29:37,STK05,OUT,PIT02,STK04,109.64,9.73,BL03,
212,2025-03-06 15:43:34,STK09,OUT,PIT03,BY03,149.89,8.38,,
213,2025-02-28 20:57:30,STK07,OUT,PIT01,BY01,222.19,8.37,,
214,2025-01-03 23:27:36,STK05,OUT,PIT04,BY01,319.58,8.34,,
215,2025-02-11 03:05:44,STK08,OUT,PIT05,BY04,340.26,6.65,BL03,
216,2025-02-06 21:34:28,STK07,OUT,CR04,BY03,245.98,5.0,,
217,2025-05-24 23:31:29,STK09,IN,PIT01,STK03,179.12,9.03,BL03,
218,2025-01-23 18:43:59,STK01,IN,CR01,STK04,380.21,4.29,BL03,
219,2025-05-26 00:42:34,STK09,IN,PIT02,BY01,121.21,6.97,BL02,
220,2025-05-27 11:26:09,STK07,OUT,PIT01,STK04,327.14,5.77,BL02,
221,2025-04-03 23:55:58,STK01,OUT,PIT02,STK02,256.46,4.04,BL02,
222,2025-02-17 02:33:58,STK01,IN,PIT05,STK05,169.45,11.72,,
223,2025-05-16 01:51:12,STK05,IN,CR02,STK05,30.51,3.85,BL03,
224,2025-04-28 08:42:55,STK08,OUT,CR02,STK05,195.24,4.4,,
225,2025-05-17 15:47:57,STK09,OUT,PIT02,BY02,132.39,2.78,BL03,
226,2025-02-09 17:06:01,STK06,OUT,PIT02,BY02,68.61,10.05,BL02,
227,2025-03-19 00:26:21,STK08,OUT,PIT03,BY01,57.81,7.45,BL02,
228,2025-02-16 11:21:47,STK06,OUT,PIT07,STK01,158.6,7.74,,
229,2025-04-18 04:52:33,STK06,OUT,CR04,STK06,257.46,10.03,BL03,
230,2025-03-04 10:50:04,STK04,OUT,PIT03,BY02,339.88,4.77,,
231,2025-05-31 14:09:23,STK05,OUT,PIT01,STK02,97.92,3.13,BL01,
232,2025-02-24 23:09:05,STK02,IN,PIT06,STK07,187.12,3.18,,
233,2025-03-15 22:00:44,STK03,OUT,PIT03,STK04,175.02,9.06,BL02,
234,2025-04-01 12:53:04,STK03,OUT,PIT01,STK05,219.96,7.76,BL03,
235,2025-04-14 14:59:23,STK05,OUT,PIT04,STK05,329.55,3.27,BL03,
236,2025-05-06 23:15:38,STK05,IN,PIT01,STK05,234.85,2.6,,
237,2025-03-11 18:16:15,STK06,IN,PIT01,STK02,343.26,2.33,BL02,
238,2025-03-01 21:21:07,STK05,OUT,PIT02,STK05,221.86,7.91,BL01,
239,2025-02-20 18:57:55,STK06,IN,CR03,STK03,253.42,1.0,,
240,2025-03-11 20:03:55,STK08,IN,CR01,STK04,191.83,1.2,BL03,
241,2025-04-10 13:53:53,STK02,IN,PIT02,BY04,334.55,5.29,BL02,
242,2025-04-07 13:28:48,STK04,OUT,CR04,STK02,371.82,8.6,BL03,
243,2025-04-01 11:44:10,STK06,OUT,PIT02,STK04,266.48,8.65,BL03,
244,2025-01-20 03:32:51,STK05,OUT,CR04,BY04,333.69,5.73,BL03,
245,2025-05-21 06:41:28,STK01,OUT,CR04,STK09,51.83,8.6,BL03,
246,2025-04-02 03:59:02,STK09,OUT,CR03,STK08,365.26,6.73,BL01,
247,2025-05-28 21:26:53,STK03,OUT,CR03,BY04,99.9,11.75,BL02,
248,2025-03-04 04:23:42,STK02,OUT,CR01,BY05,124.91,2.79,,
249,2025-02-09 10:38:33,STK09,IN,PIT06,BY02,49.73,7.61,BL02,
250,2025-03-13 23:36:36,STK07,OUT,CR04,BY03,387.2,6.4,BL02,
251,2025-03-02 18:19:20,STK05,OUT,PIT04,STK03,345.24,3.14,BL02,
252,2025-03-22 09:03:15,STK06,OUT,PIT03,STK01,367.88,9.25,,
253,2025-01-09 21:02:57,STK04,OUT,PIT01,STK01,343.47,4.03,BL02,
254,2025-04-20 05:33:18,STK01,OUT,CR04,STK06,207.43,5.2,,
255,2025-02-12 23:12:43,STK04,OUT,PIT03,STK03,371.91,5.12,,
256,2025-05-24 22:29:11,STK09,OUT,CR02,STK04,388.7,3.69,BL01,
257,2025-01-29 08:02:56,STK01,OUT,PIT05,STK01,215.95,5.74,BL03,
258,2025-01-04 03:35:24,STK03,IN,PIT06,STK08,94.98,6.21,,
259,2025-02-20 15:17:43,STK05,IN,PIT05,STK01,273.69,9.19,BL03,
260,2025-04-18 10:37:07,STK07,OUT,PIT01,STK05,390.91,9.42,BL02,
261,2025-04-24 09:47:09,STK09,OUT,CR03,STK06,352.69,2.74,BL03,
262,2025-04-23 11:00:05,STK06,IN,PIT01,STK02,348.87,7.52,BL03,
263,2025-05-20 19:29:55,STK03,OUT,PIT04,STK07,375.51,10.86,BL03,
264,2025-03-23 02:03:17,STK07,OUT,PIT03,STK07,360.76,2.2,BL02,
265,2025-02-27 07:41:44,STK04,IN,CR04,STK01,317.22,6.2,BL02,
266,2025-01-30 14:17:19,STK03,OUT,CR01,STK04,295.76,9.25,,
267,2025-02-08 02:19:11,STK07,OUT,PIT07,BY03,127.96,7.73,,
268,2025-03-06 01:17:01,STK07,OUT,CR04,BY04,259.9,2.11,BL01,
269,2025-02-14 15:57:52,STK04,IN,PIT07,STK04,222.95,5.36,BL02,
270,2025-03-15 18:10:53,STK07,IN,CR01,STK05,348.92,6.58,BL01,
271,2025-04-21 15:24:41,STK02,OUT,CR03,STK01,211.93,11.95,BL02,
272,2025-02-17 17:11:05,STK01,IN,PIT07,STK01,77.26,2.96,BL03,
273,2025-04-07 22:54:48,STK02,IN,CR03,STK07,31.84,11.81,BL01,
274,2025-04-17 22:10:48,STK04,IN,PIT02,STK09,280.81,5.14,BL01,
275,2025-05-08 02:41:39,STK08,OUT,PIT04,STK01,233.47,3.2,BL01,
276,2025-05-13 23:36:59,STK03,IN,CR04,STK02,152.46,5.56,BL02,
277,2025-03-07 13:09:48,STK06,IN,PIT06,STK06,92.52,7.75,,
278,2025-02-19 23:13:46,STK06,IN,PIT03,STK06,202.68,3.35,BL01,
279,2025-05-29 05:31:06,STK09,OUT,PIT03,STK02,67.11,4.21,,
280,2025-04-05 21:08:21,STK09,IN,PIT06,STK09,154.36,10.4,BL02,
281,2025-05-21 12:01:27,STK04,IN,PIT01,STK04,170.31,11.99,BL01,
282,2025-05-05 14:30:46,STK09,OUT,PIT01,BY04,202.28,4.5,BL02,
283,2025-05-24 14:45:29,STK06,IN,PIT05,STK07,202.65,2.64,,
284,2025-04-06 06:20:28,STK02,IN,PIT01,STK06,125.09,9.72,,
285,2025-03-31 11:37:07,STK06,IN,CR03,BY02,344.58,7.61,BL01,
286,2025-02-02 16:01:32,STK02,OUT,CR01,BY04,161.55,2.1,,
287,2025-05-23 06:57:58,STK08,OUT,PIT02,BY02,114.95,11.41,BL03,
288,2025-03-10 09:15:35,STK04,IN,PIT06,STK03,95.05,1.86,BL03,
289,2025-02-02 20:50:07,STK05,IN,CR03,STK08,149.35,7.88,BL01,
290,2025-01-28 04:15:14,STK08,IN,CR03,STK07,54.99,5.66,BL02,
291,2025-05-20 20:54:15,STK08,IN,PIT05,STK09,42.18,7.12,BL02,
292,2025-04-17 03:05:25,STK06,IN,CR03,STK03,253.9,3.35,BL02,
293,2025-04-05 19:43:08,STK04,IN,PIT04,STK01,259.08,8.57,BL03,
294,2025-02-05 17:43:29,STK01,OUT,PIT01,STK02,225.95,11.56,,
295,2025-04-16 06:32:27,STK07,IN,PIT03,BY03,312.05,6.04,BL03,
296,2025-05-05 15:02:55,STK08,IN,PIT04,BY02,44.49,6.75,,
297,2025-01-12 09:42:40,STK09,IN,PIT02,BY03,376.31,3.64,BL03,
298,2025-04-12 17:45:28,STK02,OUT,PIT02,STK01,65.17,10.81,BL02,
299,2025-01-07 13:37:48,STK01,IN,PIT02,BY02,279.39,11.68,BL02,
300,2025-01-15 10:24:17,STK04,OUT,CR04,STK05,79.36,9.65,BL02,
301,2025-05-10 18:06:36,STK05,IN,PIT01,BY01,355.57,6.97,BL01,
302,2025-01-10 10:05:36,STK01,IN,CR03,BY05,218.96,11.52,BL01,
303,2025-05-29 10:04:37,STK05,IN,PIT02,STK02,60.45,2.69,,
304,2025-01-02 05:45:02,STK06,IN,PIT06,STK03,258.19,6.26,BL01,
305,2025-03-22 01:53:13,STK03,IN,PIT03,STK08,33.37,6.91,BL03,
306,2025-01-27 16:45:25,STK07,IN,CR03,BY01,317.13,6.41,BL03,
307,2025-05-03 11:16:57,STK06,OUT,PIT05,BY05,270.72,9.83,,
308,2025-02-14 22:33:28,STK04,IN,PIT01,STK05,108.67,8.37,,
309,2025-01-14 04:45:12,STK03,IN,CR01,STK04,168.66,2.39,BL02,
310,2025-05-18 07:38:56,STK05,IN,PIT04,STK05,32.89,4.81,BL01,
311,2025-01-30 07:50:57,STK03,OUT,CR02,BY01,286.66,4.73,BL02,
312,2025-01-02 18:36:08,STK09,IN,PIT04,STK06,149.39,7.22,BL01,
313,2025-02-12 11:18:27,STK09,OUT,PIT02,BY03,241.49,4.21,BL01,
314,2025-04-09 04:53:10,STK06,IN,PIT03,STK07,383.99,2.29,,
315,2025-03-30 13:09:32,STK06,IN,PIT05,BY05,140.8,8.19,BL02,
316,2025-03-14 11:14:28,STK04,OUT,CR03,BY04,396.39,10.36,BL02,
317,2025-01-12 17:43:04,STK04,OUT,PIT06,STK09,264.11,11.25,BL01,
318,2025-04-30 23:19:15,STK02,IN,PIT07,STK01,119.57,11.7,BL01,
319,2025-05-04 20:01:50,STK04,OUT,PIT04,STK04,191.61,9.59,,
320,2025-05-10 11:18:08,STK08,OUT,PIT07,BY03,303.97,2.54,BL03,
321,2025-04-30 17:11:18,STK02,IN,CR03,BY03,195.2,10.38,BL02,
322,2025-04-04 19:53:40,STK09,IN,PIT03,STK09,55.35,5.4,BL02,
323,2025-05-09 00:29:15,STK01,IN,PIT07,STK05,92.38,9.03,,
324,2025-04-05 17:33:58,STK02,OUT,PIT04,STK08,322.78,6.84,,
325,2025-01-04 01:18:55,STK02,IN,CR01,BY03,269.9,10.11,BL02,
326,2025-01-02 06:48:56,STK06,IN,CR02,STK01,240.84,5.68,BL02,
327,2025-04-14 08:17:23,STK07,OUT,PIT07,STK04,92.02,1.68,BL01,
328,2025-04-18 02:50:43,STK03,OUT,CR01,BY03,339.97,7.13,BL03,
329,2025-03-21 20:58:35,STK09,IN,CR01,BY05,385.47,2.88,BL02,
330,2025-01-03 07:13:46,STK05,OUT,PIT02,BY03,45.13,11.62,,
331,2025-01-04 05:56:58,STK05,OUT,CR02,STK09,58.87,6.8,BL01,
332,2025-04-13 19:15:54,STK04,OUT,PIT06,BY04,357.35,7.09,BL01,
333,2025-05-21 05:39:43,STK09,IN,CR04,STK01,331.75,10.98,,
334,2025-02-23 08:23:04,STK08,IN,PIT04,STK01,258.64,7.87,,
335,2025-04-15 00:43:13,STK04,IN,PIT05,STK04,379.64,4.33,BL01,
336,2025-02-25 16:03:55,STK04,OUT,CR03,BY05,269.18,4.26,,
337,2025-01-04 07:53:25,STK02,IN,PIT05,STK03,109.91,6.52,BL01,
338,2025-04-08 12:29:46,STK09,IN,PIT07,STK07,299.6,10.53,,
339,2025-05-16 12:15:32,STK03,OUT,CR02,BY02,268.91,9.74,BL01,
340,2025-05-11 21:13:16,STK04,OUT,PIT07,STK03,394.73,11.59,BL02,
341,2025-03-25 14:36:59,STK07,IN,CR02,STK01,109.14,1.79,BL02,
342,2025-02-04 19:26:38,STK08,OUT,PIT04,BY03,251.22,3.95,,
343,2025-01-21 18:43:57,STK08,IN,CR03,BY02,318.66,1.88,BL03,
344,2025-01-19 16:51:18,STK04,IN,CR03,BY01,155.42,9.26,BL02,
345,2025-04-12 19:48:47,STK07,IN,PIT04,STK02,170.48,2.55,BL01,
346,2025-01-29 21:54:45,STK01,OUT,PIT06,BY01,358.52,2.1,BL03,
347,2025-02-16 18:59:46,STK06,OUT,CR01,BY04,179.55,7.18,BL01,
348,2025-02-07 06:28:05,STK06,IN,CR02,STK04,261.15,5.53,BL01,
349,2025-05-01 08:23:17,STK06,IN,PIT01,STK01,359.02,8.87,BL02,
350,2025-04-13 05:27:45,STK02,IN,PIT01,STK01,107.64,6.36,,
351,2025-02-19 00:21:14,STK08,IN,CR01,BY03,393.29,5.68,,
352,2025-03-10 19:48:54,STK05,OUT,CR04,BY05,289.72,5.68,BL01,
353,2025-02-21 21:49:24,STK05,IN,PIT07,STK08,213.57,10.59,BL02,
354,2025-03-19 01:40:17,STK02,IN,CR02,STK07,189.44,5.35,BL01,
355,2025-01-16 08:15:22,STK04,OUT,CR04,BY05,383.11,4.67,BL03,
356,2025-03-14 10:32:46,STK09,IN,PIT03,STK08,106.12,4.72,BL01,
357,2025-03-20 20:13:29,STK09,IN,CR03,BY04,145.32,3.16,BL02,
358,2025-03-31 03:05:04,STK06,IN,PIT05,STK04,143.88,10.47,BL01,
359,2025-04-20 17:06:03,STK09,IN,PIT03,STK06,136.93,2.61,BL02,
360,2025-02-17 05:25:51,STK04,IN,PIT05,BY04,203.36,10.99,,
361,2025-05-16 09:21:24,STK01,OUT,CR03,STK03,396.0,4.12,BL02,
362,2025-02-13 20:34:15,STK02,OUT,PIT01,BY02,358.85,10.89,BL03,
363,2025-02-28 05:58:59,STK01,OUT,CR04,BY04,151.34,9.7,BL02,
364,2025-05-13 19:51:54,STK08,OUT,PIT04,STK08,186.46,7.4,BL03,
365,2025-01-16 15:42:07,STK09,IN,PIT06,STK04,277.71,8.36,BL03,
366,2025-05-07 22:37:45,STK06,OUT,PIT02,STK03,36.35,4.58,BL01,
367,2025-05-07 04:43:39,STK02,OUT,PIT07,STK04,333.46,7.32,BL03,
368,2025-05-28 11:55:35,STK06,OUT,CR01,STK06,355.53,4.22,BL02,
369,2025-01-07 03:39:37,STK09,OUT,PIT01,BY02,347.16,5.43,,
370,2025-01-19 03:44:38,STK03,OUT,PIT04,STK07,168.77,9.41,BL02,
371,2025-03-20 16:44:01,STK09,OUT,CR04,STK07,200.94,3.68,,
372,2025-03-15 15:29:54,STK02,OUT,PIT04,BY05,34.58,10.23,BL03,
373,2025-03-15 05:44:15,STK05,OUT,PIT05,BY03,177.78,5.13,BL01,
374,2025-04-18 07:46:31,STK02,IN,PIT04,STK04,200.36,6.85,BL03,
375,2025-04-03 10:20:40,STK07,OUT,CR02,STK08,365.58,11.36,BL03,
376,2025-01-11 21:30:52,STK09,IN,PIT07,STK07,360.78,8.49,,
377,2025-05-04 15:27:40,STK07,OUT,PIT02,STK02,387.46,8.1,BL02,
378,2025-01-02 20:02:27,STK05,OUT,PIT01,BY04,357.49,8.83,BL01,
379,2025-05-17 11:29:44,STK04,OUT,CR02,STK08,33.03,11.1,BL01,
380,2025-02-03 06:42:19,STK04,IN,PIT01,STK09,267.34,3.73,BL01,
381,2025-01-17 01:20:42,STK08,IN,PIT06,STK05,55.25,7.75,BL01,
382,2025-04-08 01:30:32,STK01,OUT,PIT02,STK04,130.86,5.4,BL02,
383,2025-03-26 06:09:55,STK05,IN,PIT04,STK04,243.97,1.13,BL01,
384,2025-05-06 05:29:08,STK02,OUT,PIT06,BY04,289.23,2.38,,
385,2025-03-06 07:49:58,STK09,IN,PIT05,STK04,272.21,4.57,,
386,2025-04-20 21:04:58,STK07,IN,CR04,STK06,48.15,7.21,BL01,
387,2025-01-19 12:25:06,STK08,IN,PIT06,BY02,68.33,10.7,BL01,
388,2025-04-13 13:24:00,STK06,OUT,PIT03,STK04,77.58,9.7,BL02,
389,2025-01-09 06:18:20,STK09,IN,PIT05,STK07,63.82,7.09,BL02,
390,2025-02-14 14:47:22,STK06,IN,PIT02,STK07,95.95,1.81,BL01,
391,2025-02-11 01:16:29,STK07,OUT,PIT07,STK05,284.74,4.14,BL02,
392,2025-05-15 10:17:40,STK07,IN,PIT03,BY04,337.41,5.03,BL03,
393,2025-04-21 01:24:20,STK09,OUT,PIT01,STK05,181.26,7.84,BL01,
394,2025-04-03 07:59:31,STK08,OUT,CR01,BY01,286.33,1.71,BL02,
395,2025-02-22 15:23:40,STK01,IN,CR01,STK08,104.01,6.83,,
396,2025-01-10 00:59:40,STK04,OUT,PIT03,STK07,390.11,10.92,BL01,
397,2025-01-15 10:29:13,STK07,IN,PIT07,BY05,159.5,8.76,BL01,
398,2025-05-13 21:40:08,STK08,IN,CR02,STK07,342.97,9.77,,
399,2025-02-24 10:37:58,STK07,OUT,CR01,STK06,379.79,8.5,,
400,2025-04-16 10:42:23,STK03,IN,PIT03,STK07,349.94,3.27,BL02,
401,2025-04-20 10:08:46,STK04,IN,PIT02,STK07,54.82,2.22,,
402,2025-05-08 19:00:40,STK07,OUT,CR03,BY01,270.61,10.12,BL03,
403,2025-01-07 09:20:00,STK08,OUT,PIT07,BY05,74.43,8.65,BL01,
404,2025-02-04 19:51:09,STK07,IN,PIT07,STK02,32.1,7.33,BL03,
405,2025-03-03 01:36:17,STK06,OUT,CR02,BY05,49.16,3.08,BL02,
406,2025-01-04 00:58:19,STK09,OUT,PIT05,BY01,368.98,7.64,,
407,2025-02-10 05:25:36,STK09,OUT,PIT04,STK02,366.13,1.34,BL01,
408,2025-04-24 23:47:11,STK07,OUT,CR01,BY05,113.56,2.31,,
409,2025-01-28 23:58:52,STK08,IN,PIT04,BY01,232.41,4.43,,
410,2025-05-27 01:45:35,STK06,IN,PIT04,STK07,383.36,5.88,BL02,
411,2025-05-19 09:28:33,STK01,OUT,PIT02,BY05,213.78,2.33,BL02,
412,2025-03-19 08:11:38,STK01,IN,PIT01,BY01,175.62,2.32,BL02,
413,2025-01-15 22:33:16,STK06,OUT,PIT04,STK07,208.8,8.98,BL02,
414,2025-02-28 02:43:53,STK02,OUT,PIT07,STK07,322.38,7.27,BL01,
415,2025-02-01 13:04:22,STK08,IN,CR02,STK05,206.59,6.87,BL03,
416,2025-04-20 12:14:08,STK01,IN,CR02,STK01,319.81,5.98,BL03,
417,2025-02-16 16:40:53,STK02,IN,CR03,BY05,189.73,11.74,BL01,
418,2025-04-21 00:59:39,STK08,IN,PIT01,STK02,123.24,1.55,,
419,2025-03-17 13:36:04,STK06,OUT,PIT05,BY04,150.79,2.99,BL01,
420,2025-05-12 11:12:41,STK02,OUT,PIT07,STK09,58.79,8.12,BL03,
421,2025-04-15 23:12:12,STK02,IN,PIT07,STK08,214.03,2.5,BL03,
422,2025-03-06 09:58:23,STK07,OUT,CR03,STK08,84.8,7.48,BL01,
423,2025-03-16 12:51:10,STK05,IN,PIT06,BY01,330.27,7.25,BL02,
424,2025-05-27 17:23:39,STK05,IN,CR04,STK01,185.62,11.68,,
425,2025-05-24 15:27:44,STK08,IN,CR03,STK06,313.05,10.72,BL01,
426,2025-01-28 04:13:01,STK07,OUT,PIT04,STK09,383.15,11.4,BL03,
427,2025-05-14 20:25:11,STK09,OUT,PIT03,STK08,344.31,2.25,BL02,
428,2025-05-21 14:50:48,STK04,IN,CR02,STK03,382.04,10.55,,
429,2025-01-16 05:29:58,STK04,IN,CR03,STK04,240.14,2.42,BL03,
430,2025-04-08 05:51:49,STK02,IN,PIT04,STK03,91.17,7.96,,
431,2025-05-25 18:04:45,STK03,IN,CR01,STK06,376.1,8.92,BL02,
432,2025-03-09 03:49:19,STK01,OUT,PIT01,BY05,351.35,2.77,BL03,
433,2025-01-11 10:14:36,STK01,OUT,PIT07,STK09,349.83,7.96,BL02,
434,2025-01-19 23:14:55,STK07,IN,PIT06,STK08,286.51,1.58,BL01,
435,2025-03-26 20:58:44,STK05,IN,PIT01,BY04,261.22,4.23,BL01,
436,2025-02-15 01:52:10,STK03,OUT,PIT04,BY01,35.45,11.13,,
437,2025-01-15 18:16:14,STK07,IN,PIT05,STK04,306.78,2.89,BL02,
438,2025-03-08 03:16:38,STK02,OUT,CR04,STK02,63.87,1.72,BL02,
439,2025-04-28 12:17:26,STK03,OUT,CR01,BY04,126.11,5.88,,
440,2025-05-30 07:49:33,STK01,IN,PIT04,STK08,234.05,10.36,,
441,2025-04-30 04:49:09,STK08,OUT,PIT03,STK08,197.14,1.84,,
442,2025-04-26 15:44:15,STK02,OUT,PIT02,BY05,35.84,4.91,BL01,
443,2025-03-19 00:46:12,STK07,OUT,PIT04,BY03,334.87,10.9,,
444,2025-05-31 05:01:37,STK09,OUT,CR04,BY02,355.16,2.3,BL01,
445,2025-03-05 09:01:31,STK06,IN,CR03,STK06,282.29,4.42,,
446,2025-01-06 18:03:56,STK02,OUT,PIT04,BY05,230.2,9.56,BL02,
447,2025-05-04 03:13:37,STK02,OUT,CR03,STK08,385.47,6.98,BL02,
448,2025-02-23 01:47:46,STK09,OUT,PIT05,STK09,74.38,10.16,,
449,2025-03-29 11:42:57,STK08,IN,PIT07,BY04,303.03,2.23,,
450,2025-04-06 06:22:40,STK09,IN,CR02,STK01,77.49,11.13,BL01,
451,2025-02-14 07:12:07,STK04,IN,PIT02,STK09,171.28,11.28,BL03,
452,2025-03-11 02:12:01,STK04,OUT,PIT05,STK02,246.63,2.71,BL01,
453,2025-04-18 09:20:33,STK02,IN,CR04,BY05,302.72,1.37,BL02,
454,2025-03-14 21:36:59,STK01,IN,CR03,BY04,31.37,11.89,,
455,2025-03-25 20:33:26,STK04,IN,CR02,STK01,126.42,6.3,BL02,
456,2025-02-06 01:36:03,STK08,OUT,PIT03,STK08,229.13,7.29,BL03,
457,2025-05-12 23:36:27,STK02,IN,PIT01,STK08,227.16,7.77,BL01,
458,2025-04-24 18:22:33,STK08,IN,PIT02,BY02,265.92,9.69,BL02,
459,2025-05-09 06:57:15,STK01,IN,PIT06,STK04,142.43,9.93,BL01,
460,2025-03-15 19:16:02,STK01,OUT,PIT05,STK08,230.0,3.13,,
461,2025-01-17 15:21:48,STK04,OUT,PIT01,STK07,100.22,3.6,BL02,
462,2025-05-30 22:33:39,STK07,IN,PIT01,BY04,99.14,10.65,BL03,
463,2025-05-01 02:57:32,STK09,IN,CR04,STK02,243.33,10.01,BL01,
464,2025-02-27 08:34:05,STK05,IN,PIT04,STK05,283.62,7.79,BL01,
465,2025-02-17 20:32:21,STK02,OUT,PIT04,BY05,74.55,11.94,BL03,
466,2025-05-19 11:19:35,STK07,OUT,PIT06,BY01,75.43,9.09,BL02,
467,2025-01-15 06:33:57,STK02,IN,PIT06,STK04,239.16,3.37,BL02,
468,2025-01-16 22:19:29,STK09,OUT,CR03,STK03,129.94,10.31,BL01,
469,2025-02-22 00:50:24,STK09,IN,PIT06,STK01,175.19,5.56,BL03,
470,2025-01-30 22:43:18,STK03,OUT,PIT01,STK05,178.28,1.4,BL01,
471,2025-03-15 18:55:41,STK08,IN,CR03,BY01,96.06,4.54,BL01,
472,2025-05-19 04:39:21,STK04,OUT,CR02,STK08,30.49,9.4,,
473,2025-05-04 02:11:32,STK03,IN,CR04,BY03,345.67,11.56,BL02,
474,2025-01-30 22:58:56,STK01,OUT,PIT07,STK09,294.55,4.04,BL02,
475,2025-05-24 15:02:36,STK05,IN,PIT07,STK07,285.5,3.71,,
476,2025-03-17 15:46:12,STK04,IN,CR04,BY03,232.21,7.2,BL02,
477,2025-03-03 11:49:39,STK01,IN,PIT07,BY02,289.36,9.93,BL02,
478,2025-03-12 00:59:05,STK08,IN,PIT02,STK01,376.2,9.21,BL02,
479,2025-01-21 16:33:47,STK08,OUT,PIT02,STK01,276.3,7.16,BL03,
480,2025-01-18 18:30:58,STK08,IN,PIT06,STK01,128.08,7.95,,
481,2025-01-02 00:12:41,STK03,OUT,PIT07,STK02,241.11,3.66,BL01,
482,2025-03-01 20:37:49,STK06,OUT,PIT03,STK01,193.66,5.76,BL03,
483,2025-03-28 08:37:09,STK07,IN,PIT04,STK04,235.88,3.81,BL01,
484,2025-03-11 21:20:13,STK09,IN,PIT03,BY01,221.52,10.73,,
485,2025-05-28 20:07:54,STK05,IN,PIT07,STK09,347.75,2.24,,
486,2025-02-22 09:12:09,STK09,IN,PIT07,BY03,271.17,8.48,,
487,2025-01-20 20:25:58,STK06,OUT,PIT04,STK04,99.84,3.86,BL02,
488,2025-01-26 17:31:38,STK04,OUT,PIT07,BY04,53.32,6.23,BL03,
489,2025-01-17 22:50:04,STK01,OUT,PIT05,STK04,187.01,4.29,,
490,2025-02-06 09:18:32,STK01,OUT,PIT01,STK07,35.78,4.56,BL01,
491,2025-03-25 16:30:36,STK05,IN,CR03,BY05,147.77,3.86,BL02,
492,2025-03-29 03:45:47,STK03,OUT,PIT04,BY02,166.17,9.28,BL02,
493,2025-04-19 03:44:18,STK05,IN,PIT07,STK09,168.97,5.02,BL03,
494,2025-04-18 17:16:32,STK05,IN,PIT02,STK07,392.36,8.99,BL03,
495,2025-04-10 12:08:50,STK01,OUT,PIT02,STK01,142.44,6.02,BL03,
496,2025-03-21 05:37:25,STK08,OUT,PIT01,STK01,128.13,7.02,BL02,
497,2025-01-21 01:22:47,STK05,OUT,PIT02,STK04,77.87,6.98,,
498,2025-01-06 02:23:21,STK05,OUT,CR03,STK04,219.07,11.73,BL01,
499,2025-01-18 09:39:14,STK09,OUT,CR01,STK01,86.86,5.04,,
500,2025-03-10 17:21:36,STK08,OUT,CR04,STK06,258.03,3.28,BL01,
501,2025-04-18 14:51:05,STK01,IN,CR01,BY01,87.41,11.03,,
502,2025-01-19 01:42:39,STK03,IN,CR01,STK02,243.37,2.92,BL03,
503,2025-04-26 21:52:12,STK07,IN,PIT01,BY02,335.72,10.18,BL01,
504,2025-04-27 03:05:09,STK01,OUT,PIT01,STK05,45.73,2.65,BL02,
505,2025-03-04 23:57:17,STK01,IN,CR03,STK08,185.31,8.25,BL01,
506,2025-03-16 19:20:19,STK05,IN,PIT04,STK03,200.59,2.66,BL02,
507,2025-01-03 09:30:41,STK09,IN,PIT06,STK09,322.7,11.15,,
508,2025-02-26 16:06:26,STK06,IN,CR01,STK07,203.13,7.22,BL03,
509,2025-03-22 08:29:40,STK02,IN,PIT02,STK09,239.99,4.62,BL01,
510,2025-03-17 07:16:36,STK09,IN,PIT03,STK01,322.75,2.54,BL02,
511,2025-01-17 10:43:42,STK06,OUT,PIT06,STK05,237.11,5.08,,
512,2025-05-21 18:01:01,STK05,OUT,CR03,BY03,162.57,8.76,BL03,
513,2025-04-19 15:37:45,STK05,OUT,PIT04,BY04,61.76,5.23,BL03,
514,2025-02-17 03:15:43,STK03,IN,PIT02,STK03,300.07,3.71,BL03,
515,2025-04-22 01:31:43,STK06,OUT,PIT07,STK04,352.32,7.35,,
516,2025-04-12 04:31:23,STK04,OUT,PIT04,STK04,388.92,5.6,,
517,2025-02-02 22:18:49,STK02,IN,CR01,BY02,372.84,2.82,,
518,2025-05-14 01:48:14,STK03,OUT,CR01,BY03,325.04,2.69,BL03,
519,2025-03-15 22:20:23,STK09,IN,PIT07,STK07,268.08,8.78,BL01,
520,2025-02-02 21:56:07,STK09,OUT,CR03,BY01,319.14,11.72,BL02,
521,2025-01-27 23:02:29,STK06,IN,CR02,BY02,189.87,3.56,,
522,2025-02-22 05:15:11,STK09,IN,PIT04,STK08,250.07,9.5,BL01,
523,2025-02-28 11:22:24,STK04,OUT,PIT07,BY02,159.02,1.96,BL02,
524,2025-02-22 02:51:58,STK05,IN,CR03,BY01,150.88,5.2,BL03,
525,2025-04-06 18:07:26,STK06,OUT,CR03,STK05,309.98,6.57,BL01,
526,2025-01-29 08:06:20,STK09,IN,PIT01,BY04,197.96,3.96,BL03,
527,2025-01-13 06:50:46,STK05,OUT,PIT04,BY04,108.5,6.83,BL02,
528,2025-02-02 11:14:34,STK08,OUT,PIT02,BY03,104.72,10.71,,
529,2025-03-26 09:44:17,STK01,IN,CR02,BY01,347.89,11.39,BL03,
530,2025-02-23 14:04:31,STK05,OUT,PIT05,STK07,280.77,2.11,BL01,
531,2025-03-23 18:28:44,STK01,OUT,PIT03,STK03,232.04,3.99,,
532,2025-02-28 04:56:48,STK06,OUT,PIT04,STK03,178.35,11.77,BL01,
533,2025-04-05 00:40:53,STK07,IN,PIT06,STK03,189.4,3.97,BL02,
534,2025-01-15 22:28:46,STK05,IN,CR03,BY03,51.25,8.62,BL02,
535,2025-03-12 02:57:50,STK01,OUT,PIT01,STK04,198.32,3.79,,
536,2025-02-18 21:00:20,STK06,OUT,PIT07,STK06,324.32,4.92,BL01,
537,2025-02-17 21:11:34,STK05,IN,CR01,STK05,173.55,3.1,BL01,
538,2025-05-20 23:38:05,STK06,IN,PIT07,STK08,171.93,10.42,BL01,
539,2025-05-02 08:52:05,STK07,OUT,PIT07,BY05,35.82,10.71,BL01,
540,2025-04-07 06:36:24,STK07,IN,CR02,BY05,199.4,4.27,BL02,
541,2025-04-26 07:20:18,STK02,IN,PIT04,BY03,39.37,10.06,BL01,
542,2025-04-30 17:53:05,STK03,OUT,PIT07,BY04,241.03,4.94,BL02,
543,2025-02-07 23:19:14,STK06,IN,CR02,STK05,217.51,2.09,BL01,
544,2025-03-30 21:47:23,STK03,IN,PIT05,BY02,340.8,9.34,BL01,
545,2025-01-21 18:31:38,STK02,IN,PIT02,BY03,245.26,7.56,BL03,
546,2025-01-27 07:25:37,STK04,OUT,PIT05,STK05,149.67,4.02,BL03,
547,2025-03-01 03:48:33,STK05,IN,PIT04,BY05,221.01,3.78,BL01,
548,2025-01-02 07:32:17,STK09,OUT,CR01,BY01,288.89,11.73,BL02,
549,2025-03-18 20:03:29,STK03,IN,PIT05,STK02,64.77,10.49,BL01,
550,2025-03-06 12:14:39,STK03,IN,CR02,BY03,259.8,9.91,BL03,
551,2025-05-01 10:18:18,STK06,OUT,CR02,BY02,369.15,2.41,BL01,
552,2025-03-15 18:24:55,STK05,OUT,PIT03,BY02,140.68,9.31,BL03,
553,2025-03-05 23:46:32,STK06,OUT,CR03,STK05,261.85,3.36,BL01,
554,2025-03-27 11:35:15,STK07,OUT,PIT06,BY03,333.89,11.75,,
555,2025-03-06 23:59:01,STK03,IN,PIT06,STK07,219.37,1.57,BL01,
556,2025-03-25 14:49:01,STK05,OUT,PIT04,STK02,295.65,4.87,BL02,
557,2025-05-07 10:03:05,STK08,OUT,CR04,BY05,145.07,5.72,BL03,
558,2025-04-26 10:04:18,STK04,OUT,CR03,BY04,143.24,10.07,,
559,2025-01-27 10:23:09,STK02,IN,PIT03,STK06,277.01,9.43,BL03,
560,2025-02-28 08:07:47,STK04,IN,PIT01,STK07,291.0,5.12,BL03,
561,2025-03-04 06:24:28,STK02,OUT,PIT07,STK05,376.69,7.22,BL02,
562,2025-04-28 03:10:05,STK03,OUT,PIT05,STK09,113.19,10.19,BL01,
563,2025-05-16 00:17:49,STK04,OUT,CR03,BY05,203.24,1.2,BL02,
564,2025-02-09 00:02:08,STK04,OUT,PIT07,STK04,122.69,9.82,BL01,
565,2025-04-04 00:20:49,STK09,IN,PIT01,BY05,59.63,11.42,,
566,2025-03-03 00:12:00,STK06,OUT,CR01,BY05,179.2,1.35,BL02,
567,2025-02-04 11:50:58,STK09,IN,PIT03,BY04,168.41,1.5,BL02,
568,2025-03-19 07:55:51,STK04,OUT,PIT07,BY01,130.06,4.79,BL03,
569,2025-03-03 23:17:21,STK09,OUT,PIT03,STK01,139.89,1.97,BL02,
570,2025-02-26 14:14:48,STK09,IN,PIT03,BY05,163.35,6.27,BL01,
571,2025-05-23 16:45:45,STK06,OUT,CR03,STK08,395.87,9.02,BL02,
572,2025-05-15 22:44:16,STK05,OUT,CR02,STK08,319.69,7.24,BL02,
573,2025-05-03 21:32:21,STK03,OUT,PIT02,STK07,56.42,3.16,,
574,2025-04-06 08:15:35,STK05,OUT,PIT04,STK08,352.79,8.2,BL01,
575,2025-04-22 19:47:31,STK03,IN,PIT06,STK02,264.32,8.53,BL03,
576,2025-02-17 01:46:44,STK05,OUT,PIT03,STK03,359.52,11.26,BL01,
577,2025-03-05 06:44:23,STK05,OUT,CR03,STK09,156.43,2.61,,
578,2025-03-15 00:32:41,STK02,IN,CR03,STK01,201.87,8.62,BL01,
579,2025-02-24 10:17:36,STK09,OUT,PIT07,STK08,361.6,11.03,BL01,
580,2025-03-18 07:12:37,STK07,IN,PIT07,STK08,130.85,6.52,BL02,
581,2025-03-12 21:05:44,STK06,OUT,PIT05,STK07,368.74,4.98,BL02,
582,2025-01-23 02:45:20,STK05,OUT,PIT03,BY04,336.54,2.88,BL01,
583,2025-04-20 11:44:01,STK04,OUT,PIT02,BY05,392.81,10.53,BL01,
584,2025-02-08 19:08:08,STK08,IN,PIT04,BY02,149.98,5.34,BL03,
585,2025-04-25 23:58:40,STK02,IN,PIT04,STK05,117.23,11.17,,
586,2025-04-16 22:48:57,STK08,OUT,CR04,STK04,152.42,10.33,BL02,
587,2025-02-04 22:31:17,STK01,IN,CR01,BY01,383.22,5.14,BL02,
588,2025-05-13 09:00:40,STK01,OUT,CR01,BY01,153.24,7.31,BL02,
589,2025-05-30 01:21:31,STK03,IN,PIT05,BY04,239.13,1.3,BL02,
590,2025-04-17 19:38:52,STK05,OUT,PIT06,BY01,179.36,3.9,BL01,
591,2025-01-06 05:26:17,STK06,IN,CR01,BY05,176.6,8.81,BL01,
592,2025-05-22 05:03:35,STK04,OUT,PIT01,BY01,101.55,8.46,BL03,
593,2025-03-31 15:18:55,STK07,IN,PIT05,STK06,228.72,4.89,BL02,
594,2025-05-18 13:13:47,STK07,IN,PIT04,BY03,344.28,9.89,BL02,
595,2025-02-10 17:01:56,STK02,IN,PIT04,BY02,48.31,3.59,BL01,
596,2025-03-27 03:20:53,STK02,IN,CR04,STK01,359.01,6.07,BL03,
597,2025-02-26 13:42:06,STK02,OUT,PIT02,BY04,276.22,6.2,BL01,
598,2025-05-15 12:50:47,STK02,OUT,CR03,STK05,258.19,4.75,BL02,
599,2025-01-14 10:18:09,STK09,IN,PIT01,BY05,261.58,11.5,BL02,
600,2025-03-21 10:44:16,STK05,OUT,PIT06,STK04,139.62,8.66,,
